,author,subreddit,count,rank
1,AutoLovepon,anime,6982,2
2,Turbostrider27,anime,2215,3
3,Gvostfr,anime,1677,4
4,Lovro26,anime,1450,5
5,inspyral,anime,787,6
6,AnimeMod,anime,755,7
7,SuperAlloyBerserker,anime,595,8
8,Shimmering-Sky,anime,557,9
9,RobotiSC,anime,517,10
10,SorcererOfTheLake,anime,441,11
12,wednesdaygiftinfo,movies,24222,2
13,allthebestmovies,movies,10353,3
14,Alternative-Bat-2458,movies,3538,4
15,Ornery-Control-9474,movies,3475,5
16,Sisiwakanamaru,movies,1861,6
17,MovieBattleGame,movies,1471,7
18,MarvelsGrantMan136,movies,1362,8
19,chanma50,movies,939,9
20,Samoht99,movies,842,10
21,indig0sixalpha,movies,820,11
23,MarvelsGrantMan136,television,1960,2
24,Sisiwakanamaru,television,1139,3
25,klutzysunshine,television,966,4
26,chanma50,television,723,5
27,misana123,television,663,6
28,PetyrDayne,television,657,7
29,Neo2199,television,602,8
30,indig0sixalpha,television,564,9
31,GroundbreakingSet187,television,436,10
32,DemiFiendRSA,television,403,11
