,subreddit,title,num_comments,selftext,author,score,count
0,movies,"Name a single movie, where the sequel or remake was better than Original.",35446,My girlfriend and I are laying around watching Netflix and got into a sudden discussion about remakes vs originals. We BOTH agree that we can't think of a single movie where the remake was better than the original. This conversation stemmed into a discussion about sequels vs original movies. This too we cannot think of a single sequel that we enjoyed more than an original film. There HAS to be ONE! help us ü§£,dpemerson76,18611,4
1,movies,"Hi, I‚Äôm Keanu Reeves, AMA",33376,,lionsgate,282232,9
2,movies,Official Discussion - Zack Snyder's Justice League [SPOILERS],30350,"#Poll

**If you've seen the film, please rate it [at this poll](https://youpoll.me/52675/)**

**If you haven't seen the film but would like to see the result of the poll [click here](https://youpoll.me/52675/r)**

#Rankings

[Click here](https://youpoll.me/list/76/) to see the rankings of 2021 films

[Click here](https://youpoll.me/list/4/) to see the rankings for every poll done

---
**Summary:**

Zack Snyder's definitive director's cut of Justice League. Determined to ensure Superman's ultimate sacrifice was not in vain, Bruce Wayne aligns forces with Diana Prince with plans to recruit a team of metahumans to protect the world from an approaching threat of catastrophic proportions.

**Director:**

Zack Snyder

**Writers:**

Chris Terrio (screenplay by), Zack Snyder (story by) 

**Cast:**

* Ben Affleck as Batman/Bruce Wayne
* Henry Cavill as Superman/Clark Kent
* Gal Gadot as Wonder Woman/Diana Prince
* Diane Lane as Martha Kent
* Ezra Miller as The Flash/Barry Allen
* Jason Momoa as Aquaman/Arthur Curry
* Ray Fisher as Cyborg/Victor Stone
* Connie Nielsen as Queen Hippolyta
* J.K. Simmons as Commissioner Gordon
* Robin Wright as Antiope
* Amy Adams as Lois Lane

--
**Rotten Tomatoes:** [77%](https://www.rottentomatoes.com/m/zack_snyders_justice_league)

**Metacritic:** [57](https://www.metacritic.com/movie/zack-snyders-justice-league)

**VOD:** HBO Max",LiteraryBoner,11393,549
3,movies,"1 Teen Dead, Another Critically Injured in California Theater Shooting During ‚ÄòForever Purge‚Äô Screening",28664,,prsnreddit,40182,519
4,movies,"Hello, I‚Äôm Nicolas Cage and welcome to Ask Me Anything",26670,,lionsgate,189542,9
5,movies,Official Oscars Discussion Thread 2022,22097,"Welcome to the r/movies Official Oscar Thread. Some notes about tonight!

- All Oscar related content posted to r/movies will be condensed to this thread.

- This thread will be sorted by New, refresh often so you can see the most recent comments and join the conversation!

- There will be a post Oscar discussion thread as well posted soon after the ceremony closes.

Are you looking for the Oscar Bingo game thread? Click [here](https://www.reddit.com/r/movies/comments/tpwcq7/oscar_bingo_game_thread_2022/?)!

 
---

Major Nominees

---

**Best Picture**

- Belfast

- **CODA**

- Don't Look Up

- Drive My Car

- Dune

- King Richard

- Licorice Pizza

- Nightmare Alley

- The Power of The Dog

- West Side Story

**Best Actor in a Leading Role**

- Javier Bardem in Being The Ricardos

- Benedict Cumberbatch in The Power of The Dog

- Andrew Garfield in tick, tick... BOOM!

- **Will Smith in King Richard**

- Denzel Washington in The Tragedy of Macbeth

**Best Actress in a Leading Role**

- **Jessica Chastain in The Eyes of Tammy Faye**

- Olivia Colman in The Lost Daughter

- Penelope Cruz in Parallel Mothers

- Nicole Kidman in Being the Ricardos

- Kristen Stewart in Spencer

**Best Supporting Actor**

- Ciaran Hinds in Belfast

- **Troy Kotsur in CODA**

- Jessie Plemons in The Power of The Dog

- J.K. Simmons in Being the Ricardos

- Kodi Smit-McPhee in The Power of The Dog

**Best Actress in a Supporting Role**

- Jessie Buckley in The Lost Daughter

- **Ariana DeBose in West Side Story**

- Judi Dench in Belfast

- Kirsten Dunst in The Power of The Dog

- Aunjanue Ellis in King Richard

**Best Animated Feature**

- **Encanto**

- Flee

- Luca

- The Mitchells vs. The Machines

- Raya and The Last Dragon

**Best Cinematography**

- **Dune, Greig Fraser**

- Nightmare Alley, Dan Laustsen

- The Power of The Dog, Ari Wegner

- The Tragedy of Macbeth, Bruno Delbonnel

- West Side Story, Janusz Kaminski

**Best Directing**

- Belfast, Kenneth Branagh

- Drive My Car, Ryusuke Hamaguchi

- Licorice Pizza, Paul Thomas Anderson

- **The Power of The Dog, Jane Campion**

- West Side Story, Steven Spielberg

**Best Original Score**

- Don't Look Up, Nicholas Britell

- **Dune, Hans Zimmer**

- Encanto, Germaine Franco

- Parallel Mothers, Alberto Iglesias

- The Power of The Dog, Johnny Greenwood

**Best Original Song**

- Be Alive, King Richard

- Dos Oruguitas, Encanto

- Down to Joy, Belfast

- **No Time to Die, No Time to Die**

- Somehow You Do, Four Good Days

**Best Documentary Feature**

- Ascension

- Attica

- Flee

- **Summer of Soul (...Or, When the Revolution Could Not Be Televised)**

- Writing with Fire

**Best Foreign Language Film**

- **Drive My Car, Japan**

- Flee, Denmark

- The Hand of God, Italy

- Lunana: A Yak in The Classroom

- The Worst Person in The World, Norway


**Best Original Screenplay**

- **Belfast**

- Don't Look Up

- King Richard

- Licorice Pizza

- The Worst Person in the World

**Best Adapted Screenplay**

- **Coda**

- Drive My Car

- Dune

- The Lost Daughter

- The Power of the Dog

---

[Here is a full list of nominees. ](https://abc.com/shows/oscars/news/nominations/oscar-nominations-2022-list)

The ceremony is at 8:00pm EST on ABC",LiteraryBoner,1950,549
6,movies,Official Discussion - Spider-Man: No Way Home [SPOILERS],21419,"#Poll

**If you've seen the film, please rate it [at this poll](https://youpoll.me/70176/)**

**If you haven't seen the film but would like to see the result of the poll [click here](https://youpoll.me/70176/r)**

#Rankings

[Click here](https://youpoll.me/list/76/) to see the rankings of 2021 films

[Click here](https://youpoll.me/list/4/) to see the rankings for every poll done

---
**Summary:**

With Spider-Man's identity now revealed, Peter asks Doctor Strange for help. When a spell goes wrong, dangerous foes from other worlds start to appear, forcing Peter to discover what it truly means to be Spider-Man.

**Director:**

Jon Watts	

**Writers:**

Chris McKenna, Erik Sommers

**Cast:**

* Tom Holland as Peter Parker/Spider-Man
* Zendaya as MJ
* Benedict Cumberbatch as Doctor Strange
* Jacob Batalon as Ned Leeds
* Jon Favreau as Happy Hogan
* Jaime Foxx as Max Dillon / Electro
* Willem Dafoe as Norman Osbourne / Green Goblin
* Alfred Molina as Dr. Otto Octavius / Doc Ock
* Benedict Wong as Wong
* Tony Revolori as Flash Thompson
* Marisa Tomei as May Parker

--
**Rotten Tomatoes:** [94%](https://www.rottentomatoes.com/m/spider_man_no_way_home)

**Metacritic:** [71](https://www.metacritic.com/movie/spider-man-no-way-home)

**VOD:** Theaters",LiteraryBoner,13658,549
8,movies,Official Discussion - Avatar: The Way of Water [SPOILERS],19888,"#Poll

**If you've seen the film, please rate it [at this poll](https://youpoll.me/93090/)**

**If you haven't seen the film but would like to see the result of the poll [click here](https://youpoll.me/93090/r)**

#Rankings

[Click here](https://youpoll.me/list/114/) to see the rankings of 2022 films

[Click here](https://youpoll.me/list/4/) to see the rankings for every poll done

---
**Summary:**

Jake Sully lives with his newfound family formed on the extrasolar moon Pandora. Once a familiar threat returns to finish what was previously started, Jake must work with Neytiri and the army of the Na'vi race to protect their home.

**Director:**

James Cameron

**Writers:**

James Cameron, Rick Jaffa, Amanda Silver

**Cast:**

* Sam Worthington as Jake
* Zoe Saldana as Neytiri
* Sigourney Weaver as Kiri
* Stephen Lang as Quaritch
* Kate Winslet as Ronal
* Cliff Curtis as Tonowari
* Joel David Moore as Norm

--
**Rotten Tomatoes:** [81%](https://www.rottentomatoes.com/m/avatar_the_way_of_water)

**Metacritic:** [69](https://www.metacritic.com/movie/avatar-the-way-of-water)

**VOD:** Theaters",LiteraryBoner,4296,549
9,movies,Official Oscars Discussion Thread 2023,18380,"Welcome to the r/movies Official Oscar Thread. Some notes about tonight!

- All Oscar related content posted to r/movies will be condensed to this thread.

- This thread will be sorted by New, refresh often so you can see the most recent comments and join the conversation!

- There will be a post Oscar discussion thread as well posted soon after the ceremony closes.

- If you're looking for the Oscar Bingo thread that can be found [here](https://www.reddit.com/r/movies/comments/11pu08f/oscar_bingo_game_thread_2023_year_x_edition/?)

---

Major Nominees

---

**Best Picture**

- All Quiet on the Western Front

- Avatar: The Way of Water

- The Banshees of Inisherin

- Elvis

- **Everything Everywhere All at Once**

- The Fabelmans

- Tar

- Top Gun: Maverick

- Triangle of Sadness

- Women Talking


**Best Actor in a Leading Role**

- Austin Butler in Elvis

- Colin Farrell in The Banshees of Inisherin

- **Brendan Fraser in The Whale**

- Paul Mescal in Aftersun

- Bill Nighy in Living

**Best Actress in a Leading Role**

- Cate Blanchett in Tar

- Ana de Armas in Blonde

- Andrea Riseborough in To Leslie

- Michelle Williams in The Fabelmans

- **Michelle Yeoh in Everything Everywhere All at Once**

**Best Supporting Actor**

- Brendan Gleeson in The Banshees of Inisherin

- Brian Tyree Henry in Causeway

- Judd Hirsch in The Fabelmans

- Barry Keoghan in The Banshees of Inisherin

- **Ke Huy Quan in Everything Everywhere All at Once**

**Best Actress in a Supporting Role**

- Angela Basset in Black Panther: Wakanda Forever

- Hong Chau in The Whale

- Kerry Condon in The Banshees of Inisherin

- **Jaime Lee Curtis in Everything Everywhere All at Once**

- Stephanie Hsu in Everything Everywhere All at Once

**Best Animated Feature**

- **Guillermo Del Toro's Pinocchio**

- Marcel the Shell with Shoes On

- Puss in Boots: The Last Wish

- The Sea Beast

- Turning Red

**Best Cinematography**

- **All Quiet on the Western Front**

- Bardo, False Chronicle of a Handful of Truths

- Elvis

- Empire of Light

- Tar

**Best Directing**

- Martin McDonagh, The Banshees of Inisherin

- **Daniel Kwan and Daniel Scheinert, Everything Everywhere All at Once**

- Steven Spielberg, THe Fabelman's

- Todd Field, Tar

- Ruben Ostlund, Triangle of Sadness

**Best Original Score**

- **All Quiet on the Western Front**

- Babylon

- The Banshees of Inisherin

- Everything Everywhere All at Once

- The Fabelmans

**Best Foreign Language Film**

- **All Quiet on the Western Front**

- Argentina, 1985

- Close

- EO

- The Quiet Girl


**Best Original Screenplay**

- The Banshees of Inisherin

- **Everything Everywhere All at Once**

- The Fabelmans

- Tar

- Triangle of Sadness

**Best Adapted Screenplay**

- All Quiet on the Western Front

- Glass Onion: A Knives Out Mystery

- Living

- Top Gun: Maverick

- **Women Talking**

---

[Here is a full list of nominees. ](https://abc.com/shows/oscars/news/nominations/oscar-nominations-2023-list)

The ceremony is at 8:00pm EST on ABC",LiteraryBoner,2643,549
10,movies,"Hi, I‚Äôm Tobey Maguire, actor/executive producer of BABYLON and occasional superhero. AMA!",17793,,officialtobeymaguire,192782,1
11,movies,Official Discussion - The Batman [SPOILERS],17791,"#Poll

**If you've seen the film, please rate it [at this poll](https://youpoll.me/73574/)**

**If you haven't seen the film but would like to see the result of the poll [click here](https://youpoll.me/73574/r)**

#Rankings

[Click here](https://youpoll.me/list/114/) to see the rankings of 2022 films

[Click here](https://youpoll.me/list/4/) to see the rankings for every poll done

---
**Summary:**

When the Riddler, a sadistic serial killer, begins murdering key political figures in Gotham, Batman is forced to investigate the city's hidden corruption and question his family's involvement.


**Director:**

Matt Reeves

**Writers:**

Matt Reeves, Peter Craig

**Cast:**

* Robert Pattinson as Bruce Wayne/&gt;!The Batman!&lt;
* Zo√´ Kravitz as Selina Kyle
* Jeffrey Wright as Lt. James Gordon
* Colin Farrell as Oz/ The Penguin
* Paul Dano as The Riddler
* John Turturro as Carmine Falcone
* Andy Serkis as Alfred
* Peter Sarsgaard as D.A. Gil Colson

--
**Rotten Tomatoes:** [85%](https://www.rottentomatoes.com/m/the_batman)

**Metacritic:** [72](https://www.metacritic.com/movie/the-batman)

**VOD:** Theaters

---

**This Monday evening at 9pm CST we will be holding the first ever ""Post Weekend Hype Reddit Talk"" for The Batman. If this seems like something you'd like to be a part of, and if you have some sort of credible experience or authority with Batman and are willing to provide proof, please DM me with information or what you'd like to discuss.**",LiteraryBoner,7664,549
12,movies,Which continuity error or plot hole in a movie always sticks out in your mind?,17529,"We all have them‚Ä¶ the level of liquid in a glass changes instantly between shots, or a blood stain on a shirt keeps disappearing and reappearing, or the time travel doesn‚Äôt make sense for some reason or another‚Ä¶.

Are you constantly catching new ones - to the point that it makes it hard for you to watch a movie - or perhaps it makes it hard for others in the room watching with you. 

Which flub always sticks out in YOUR mind?",KillerQ97,17428,8
13,movies,What movie do you dislike but everyone seems to love?,17525," 

I know it'll probably get some who don't agree.

But I really can't stand Grease.

But everyone I know loves it, it's even a Christmas tradition for some families around here. Which is bizarre on how popular it's remained, and I'm not saying I'm anti Grease to the point of causing a divide, I just don't get the fuss about it. 

&amp;#x200B;

In the UK we've started reintroducing drive through movies and they always play the same 3 films which is this, dirty dancing and mamma mia...You can sense a theme here right?

&amp;#x200B;

But I'm looking to find out what people dislike and going against the grain. I did a similar post in the music thread and it was a great insight into things.",leedavis1987,10995,4
14,movies,What movie has the perfect soundtrack?,17458,"Many franchises are considered to have the most remarkable soundtracks(hp,lotr,sw...) but at the same time the composers of the songs that follow the story have all an unique style for creating the themes that are part of the film.

The composer that is considered as the father of all movie songs(at least for most people) is john willians. Probably because he was the one who revolutionized the cinema history by founding the genre 'space opera' together with George Lucas. However, there are musicians who made exceptional jobs like howard shore or hans zimmer(this one is probably the closest to the geniality of willians) that for some people are more remarkable than willians.

For me, something that really has a big weight on forming this kind of opinion is the nostalgia relationed to the movie at the time the person watched it(like childhood or teenage years).

So, what movie has the best soundtrack ever for you?",Jeff_Souza,11333,4
15,movies,Official Discussion - Doctor Strange in the Multiverse of Madness [SPOILERS],16950,"#Poll

**If you've seen the film, please rate it [at this poll](https://youpoll.me/76627/)**

**If you haven't seen the film but would like to see the result of the poll [click here](https://youpoll.me/76627/r)**

#Rankings

[Click here](https://youpoll.me/list/114/) to see the rankings of 2022 films

[Click here](https://youpoll.me/list/4/) to see the rankings for every poll done

---
**Summary:**

Dr. Stephen Strange casts a forbidden spell that opens the doorway to the multiverse, including alternate versions of himself, whose threat to humanity is too great for the combined forces of Strange, Wong, and Wanda Maximoff.

**Director:**

Sam Raimi

**Writers:**

Michael Waldron

**Cast:**

* Benedict Cumberbatch as Doctor Stephen Strange
* Elizabeth Olsen as Wanda Maximoff
* Chiwetel Ejiofor as Baron Mordo
* Benedict Wong as Wong
* Xochitl Gomez as America Chavez
* Rachel McAdams as Dr. Christine Palmer
* Michael Stuhlbarg as Dr. Nic West

--
**Rotten Tomatoes:** [78%](https://www.rottentomatoes.com/m/doctor_strange_in_the_multiverse_of_madness)

**Metacritic:** [62](https://www.metacritic.com/movie/doctor-strange-in-the-multiverse-of-madness)

**VOD:** Theaters",LiteraryBoner,7050,549
16,movies,Official Discussion - Dune [SPOILERS],16211,"#Poll

**If you've seen the film, please rate it [at this poll](https://youpoll.me/63821/)**

**If you haven't seen the film but would like to see the result of the poll [click here](https://youpoll.me/63821/r)**

#Rankings

[Click here](https://youpoll.me/list/76/) to see the rankings of 2021 films

[Click here](https://youpoll.me/list/4/) to see the rankings for every poll done

---
**Summary:**

Feature adaptation of Frank Herbert's science fiction novel, about the son of a noble family entrusted with the protection of the most valuable asset and most vital element in the galaxy.

**Director:**

Denis Villeneuve

**Writers:**

John Spaihts, Denis Villeneuve, Eric Roth

**Cast:**

* Rebecca Ferguson as Lady Jessica
* Zendaya as Chani
* Oscar Isaac as Duke Leto Atreides
* Timothee Chalamet as Paul Atreides
* Jason Momoa as Duncan Idaho
* David Dastmalchian as Piter De Vries
* Dave Bautista as Glossu ""Beast"" Rabban
* Josh Brolin as Gurney Halleck
* Javier Bardem as Stilgar
* Stellan Skarsgard as Baron Vladimir Harkonnen

--
**Rotten Tomatoes:** [85%](https://www.rottentomatoes.com/m/dune_2021)

**Metacritic:** [77](https://www.metacritic.com/movie/dune-2020)

**VOD:** Theaters

Also, a message from the /r/dune mods:

Can't get enough of Dune? Over at r/dune there are megathreads for both readers and non-readers so you can keep the discussion going!",LiteraryBoner,7381,549
17,movies,Who was the most attractive character you seen in a movie,16076,"
Obviously this is going to get a lot of different answers but for my opinion I think it‚Äôs the blonde nazi in Indiana Jones and the Last Crusade because there is this kind of Marilyn Monroe type allure that‚Äôs just was straight up intoxicating to a younger version of myself and that was probably the closest thing to a movie crush until I saw hailee Steinfeld character in ender game which was a awakening for me at least at the time",Alive-Ad-4164,14571,97
18,movies,Female Crewmember Dies After Prop Gun Misfire On New Mexico Set Of Alec Baldwin Film ‚ÄòRust‚Äô,15494,,LETS_MAKE_IT_AWKWARD,67934,1
19,movies,Which movies do you think aren't nearly as bad as people say?,14835,"If you ask me

(I'm gonna get judged of my movie taste based of like 4 hot takes whoops, but whatever here it is)

I'd say 

The Matrix Sequels: definitely not as great as the first film but still decent imo. Reloaded is very good the chase scene on Highway is awesome the confusion exposition near the end is super easy to understand on a rewatch, Revolutions is not as good but still wouldn't call it bad. 

Cars 2: It's not boring has a cool detective plot, I liked it. I don't get the hate this film gets. The worst Pixar film is probably Brave Or Good Dinosaur not this.

Hottest take coming

Fantastic Beasts The Crimes of Grindelwald: Film isn't that bad, It's a mess but a beautiful mess hopefully with a co writer JK wrote a better screenplay for the next film, I'd say it's a 7.5/10. I actually liked it more than the first one, it's just better on rewatch, plot was wierd but you can't say the Grindelwald rally wasn't amazing and beautiful

Spider man 3- It's not even close to being as good as Spiderman 2 but it's still fun and not boring at all. I liked multiple villians",SirAren,15115,13
20,anime,"Casual Discussion Fridays - Week of March 19, 2021",18528,"This is a weekly thread to get to know /r/anime's community. Talk about your day-to-day life, share your hobbies, or make small talk with your fellow anime fans. The thread is active all week long so hang around even when it's not on the front page!

Although this is a place for off-topic discussion, there are a few rules to keep in mind:

1. Be courteous and respectful of other users.

2. Discussion of religion, politics, depression, and other similar topics will be moderated due to their sensitive nature. While we encourage users to talk about their daily lives and get to know others, this thread is not intended for extended discussion of the aforementioned topics or for emotional support. **Do not post content falling in this category in spoiler tags and hover text.** This is a public thread, please do not post content if you believe that it will make people uncomfortable or annoy others.

3. Roleplaying is not allowed. This behaviour is not appropriate as it is obtrusive to uninvolved users.

4. No meta discussion. If you have a meta concern, please raise it in the Monthly Meta Thread and the moderation team would be happy to help.

5. All /r/anime rules, other than the anime-specific requirement, should still be followed.

6. [Gakkou Gurashi! (School-Live!)](https://streamable.com/o16y8l)",AnimeMod,215,755
21,anime,"Casual Discussion Fridays - Week of April 09, 2021",18074,"This is a weekly thread to get to know /r/anime's community. Talk about your day-to-day life, share your hobbies, or make small talk with your fellow anime fans. The thread is active all week long so hang around even when it's not on the front page!

Although this is a place for off-topic discussion, there are a few rules to keep in mind:

1. Be courteous and respectful of other users.

2. Discussion of religion, politics, depression, and other similar topics will be moderated due to their sensitive nature. While we encourage users to talk about their daily lives and get to know others, this thread is not intended for extended discussion of the aforementioned topics or for emotional support. **Do not post content falling in this category in spoiler tags and hover text.** This is a public thread, please do not post content if you believe that it will make people uncomfortable or annoy others.

3. Roleplaying is not allowed. This behaviour is not appropriate as it is obtrusive to uninvolved users.

4. No meta discussion. If you have a meta concern, please raise it in the Monthly Meta Thread and the moderation team would be happy to help.

5. All /r/anime rules, other than the anime-specific requirement, should still be followed.

6. [Sansha Sanyou](https://streamable.com/f6t5zi)",AnimeMod,104,755
22,anime,"Casual Discussion Fridays - Week of April 16, 2021",16970,"This is a weekly thread to get to know /r/anime's community. Talk about your day-to-day life, share your hobbies, or make small talk with your fellow anime fans. The thread is active all week long so hang around even when it's not on the front page!

Although this is a place for off-topic discussion, there are a few rules to keep in mind:

1. Be courteous and respectful of other users.

2. Discussion of religion, politics, depression, and other similar topics will be moderated due to their sensitive nature. While we encourage users to talk about their daily lives and get to know others, this thread is not intended for extended discussion of the aforementioned topics or for emotional support. **Do not post content falling in this category in spoiler tags and hover text.** This is a public thread, please do not post content if you believe that it will make people uncomfortable or annoy others.

3. Roleplaying is not allowed. This behaviour is not appropriate as it is obtrusive to uninvolved users.

4. No meta discussion. If you have a meta concern, please raise it in the Monthly Meta Thread and the moderation team would be happy to help.

5. All /r/anime rules, other than the anime-specific requirement, should still be followed.

6. [Mushishi](https://streamable.com/x4tav3)",AnimeMod,83,755
23,anime,"Casual Discussion Fridays - Week of March 26, 2021",16651,"This is a weekly thread to get to know /r/anime's community. Talk about your day-to-day life, share your hobbies, or make small talk with your fellow anime fans. The thread is active all week long so hang around even when it's not on the front page!

Although this is a place for off-topic discussion, there are a few rules to keep in mind:

1. Be courteous and respectful of other users.

2. Discussion of religion, politics, depression, and other similar topics will be moderated due to their sensitive nature. While we encourage users to talk about their daily lives and get to know others, this thread is not intended for extended discussion of the aforementioned topics or for emotional support. **Do not post content falling in this category in spoiler tags and hover text.** This is a public thread, please do not post content if you believe that it will make people uncomfortable or annoy others.

3. Roleplaying is not allowed. This behaviour is not appropriate as it is obtrusive to uninvolved users.

4. No meta discussion. If you have a meta concern, please raise it in the Monthly Meta Thread and the moderation team would be happy to help.

5. All /r/anime rules, other than the anime-specific requirement, should still be followed.

6. [Osake Wa Fuufu Ni Natte Kara](https://streamable.com/hyfx5m)",AnimeMod,63,755
24,anime,"Casual Discussion Fridays - Week of June 25, 2021",16258,"This is a weekly thread to get to know /r/anime's community. Talk about your day-to-day life, share your hobbies, or make small talk with your fellow anime fans. The thread is active all week long so hang around even when it's not on the front page!

Although this is a place for off-topic discussion, there are a few rules to keep in mind:

1. Be courteous and respectful of other users.

2. Discussion of religion, politics, depression, and other similar topics will be moderated due to their sensitive nature. While we encourage users to talk about their daily lives and get to know others, this thread is not intended for extended discussion of the aforementioned topics or for emotional support. **Do not post content falling in this category in spoiler tags and hover text.** This is a public thread, please do not post content if you believe that it will make people uncomfortable or annoy others.

3. Roleplaying is not allowed. This behaviour is not appropriate as it is obtrusive to uninvolved users.

4. No meta discussion. If you have a meta concern, please raise it in the Monthly Meta Thread and the moderation team would be happy to help.

5. All /r/anime rules, other than the anime-specific requirement, should still be followed.",AutoModerator,78,491
25,anime,"Casual Discussion Fridays - Week of April 30, 2021",16229,"This is a weekly thread to get to know /r/anime's community. Talk about your day-to-day life, share your hobbies, or make small talk with your fellow anime fans. The thread is active all week long so hang around even when it's not on the front page!

Although this is a place for off-topic discussion, there are a few rules to keep in mind:

1. Be courteous and respectful of other users.

2. Discussion of religion, politics, depression, and other similar topics will be moderated due to their sensitive nature. While we encourage users to talk about their daily lives and get to know others, this thread is not intended for extended discussion of the aforementioned topics or for emotional support. **Do not post content falling in this category in spoiler tags and hover text.** This is a public thread, please do not post content if you believe that it will make people uncomfortable or annoy others.

3. Roleplaying is not allowed. This behaviour is not appropriate as it is obtrusive to uninvolved users.

4. No meta discussion. If you have a meta concern, please raise it in the Monthly Meta Thread and the moderation team would be happy to help.

5. All /r/anime rules, other than the anime-specific requirement, should still be followed.

6. [Saki](https://streamable.com/62mofu)",AnimeMod,101,755
26,anime,"Casual Discussion Fridays - Week of April 23, 2021",16104,"
This is a weekly thread to get to know /r/anime's community. Talk about your day-to-day life, share your hobbies, or make small talk with your fellow anime fans. The thread is active all week long so hang around even when it's not on the front page!

Although this is a place for off-topic discussion, there are a few rules to keep in mind:

1. Be courteous and respectful of other users.

2. Discussion of religion, politics, depression, and other similar topics will be moderated due to their sensitive nature. While we encourage users to talk about their daily lives and get to know others, this thread is not intended for extended discussion of the aforementioned topics or for emotional support. **Do not post content falling in this category in spoiler tags and hover text.** This is a public thread, please do not post content if you believe that it will make people uncomfortable or annoy others.

3. Roleplaying is not allowed. This behaviour is not appropriate as it is obtrusive to uninvolved users.

4. No meta discussion. If you have a meta concern, please raise it in the Monthly Meta Thread and the moderation team would be happy to help.

5. All /r/anime rules, other than the anime-specific requirement, should still be followed.",AnimeMod,82,755
27,anime,"Casual Discussion Fridays - Week of April 02, 2021",16084,"This is a weekly thread to get to know /r/anime's community. Talk about your day-to-day life, share your hobbies, or make small talk with your fellow anime fans. The thread is active all week long so hang around even when it's not on the front page!

Although this is a place for off-topic discussion, there are a few rules to keep in mind:

1. Be courteous and respectful of other users.

2. Discussion of religion, politics, depression, and other similar topics will be moderated due to their sensitive nature. While we encourage users to talk about their daily lives and get to know others, this thread is not intended for extended discussion of the aforementioned topics or for emotional support. **Do not post content falling in this category in spoiler tags and hover text.** This is a public thread, please do not post content if you believe that it will make people uncomfortable or annoy others.

3. Roleplaying is not allowed. This behaviour is not appropriate as it is obtrusive to uninvolved users.

4. No meta discussion. If you have a meta concern, please raise it in the Monthly Meta Thread and the moderation team would be happy to help.

5. All /r/anime rules, other than the anime-specific requirement, should still be followed.

6. [Golden Time](https://streamable.com/h0pvzy)",AnimeMod,82,755
28,anime,"Casual Discussion Fridays - Week of September 17, 2021",15984,"This is a weekly thread to get to know /r/anime's community. Talk about your day-to-day life, share your hobbies, or make small talk with your fellow anime fans. The thread is active all week long so hang around even when it's not on the front page!

Although this is a place for off-topic discussion, there are a few rules to keep in mind:

1. Be courteous and respectful of other users.

2. Discussion of religion, politics, depression, and other similar topics will be moderated due to their sensitive nature. While we encourage users to talk about their daily lives and get to know others, this thread is not intended for extended discussion of the aforementioned topics or for emotional support. **Do not post content falling in this category in spoiler tags and hover text.** This is a public thread, please do not post content if you believe that it will make people uncomfortable or annoy others.

3. Roleplaying is not allowed. This behaviour is not appropriate as it is obtrusive to uninvolved users.

4. No meta discussion. If you have a meta concern, please raise it in the Monthly Meta Thread and the moderation team would be happy to help.

5. All /r/anime rules, other than the anime-specific requirement, should still be followed.

6. [Turn A Gundam](https://streamable.com/zrej0c)",AutoModerator,91,491
29,anime,"Casual Discussion Fridays - Week of January 01, 2021",15277,"This is a weekly thread to get to know /r/anime's community. Talk about your day-to-day life, share your hobbies, or make small talk with your fellow anime fans. The thread is active all week long so hang around even when it's not on the front page!

Although this is a place for off-topic discussion, there are a few rules to keep in mind:

1. Be courteous and respectful of other users.

2. Discussion of religion, politics, depression, and other similar topics will be moderated due to their sensitive nature. While we encourage users to talk about their daily lives and get to know others, this thread is not intended for extended discussion of the aforementioned topics or for emotional support. **Do not post content falling in this category in spoiler tags and hover text.** This is a public thread, please do not post content if you believe that it will make people uncomfortable or annoy others.

3. Roleplaying is not allowed. This behaviour is not appropriate as it is obtrusive to uninvolved users.

4. No meta discussion. If you have a meta concern, please raise it in the Monthly Meta Thread and the moderation team would be happy to help.

5. All /r/anime rules, other than the anime-specific requirement, should still be followed.

6. [Kobayashi-San Chi No Maid Dragon](https://streamable.com/p788sk)",AnimeMod,91,755
30,anime,"Casual Discussion Fridays - Week of May 28, 2021",14996,"This is a weekly thread to get to know /r/anime's community. Talk about your day-to-day life, share your hobbies, or make small talk with your fellow anime fans. The thread is active all week long so hang around even when it's not on the front page!

Although this is a place for off-topic discussion, there are a few rules to keep in mind:

1. Be courteous and respectful of other users.

2. Discussion of religion, politics, depression, and other similar topics will be moderated due to their sensitive nature. While we encourage users to talk about their daily lives and get to know others, this thread is not intended for extended discussion of the aforementioned topics or for emotional support. **Do not post content falling in this category in spoiler tags and hover text.** This is a public thread, please do not post content if you believe that it will make people uncomfortable or annoy others.

3. Roleplaying is not allowed. This behaviour is not appropriate as it is obtrusive to uninvolved users.

4. No meta discussion. If you have a meta concern, please raise it in the Monthly Meta Thread and the moderation team would be happy to help.

5. All /r/anime rules, other than the anime-specific requirement, should still be followed.

6. [I My Me! Strawberry Eggs](https://streamable.com/ooe4rx) ü•ö",AnimeMod,97,755
31,anime,"Casual Discussion Fridays - Week of July 02, 2021",14862,"This is a weekly thread to get to know /r/anime's community. Talk about your day-to-day life, share your hobbies, or make small talk with your fellow anime fans. The thread is active all week long so hang around even when it's not on the front page!

Although this is a place for off-topic discussion, there are a few rules to keep in mind:

1. Be courteous and respectful of other users.

2. Discussion of religion, politics, depression, and other similar topics will be moderated due to their sensitive nature. While we encourage users to talk about their daily lives and get to know others, this thread is not intended for extended discussion of the aforementioned topics or for emotional support. **Do not post content falling in this category in spoiler tags and hover text.** This is a public thread, please do not post content if you believe that it will make people uncomfortable or annoy others.

3. Roleplaying is not allowed. This behaviour is not appropriate as it is obtrusive to uninvolved users.

4. No meta discussion. If you have a meta concern, please raise it in the Monthly Meta Thread and the moderation team would be happy to help.

5. All /r/anime rules, other than the anime-specific requirement, should still be followed.

6. [Machikado Mazoku](https://www.youtube.com/watch?v=26HPFmjlZBg)",AutoModerator,107,491
32,anime,"Casual Discussion Fridays - Week of July 09, 2021",14764,"This is a weekly thread to get to know /r/anime's community. Talk about your day-to-day life, share your hobbies, or make small talk with your fellow anime fans. The thread is active all week long so hang around even when it's not on the front page!

Although this is a place for off-topic discussion, there are a few rules to keep in mind:

1. Be courteous and respectful of other users.

2. Discussion of religion, politics, depression, and other similar topics will be moderated due to their sensitive nature. While we encourage users to talk about their daily lives and get to know others, this thread is not intended for extended discussion of the aforementioned topics or for emotional support. **Do not post content falling in this category in spoiler tags and hover text.** This is a public thread, please do not post content if you believe that it will make people uncomfortable or annoy others.

3. Roleplaying is not allowed. This behaviour is not appropriate as it is obtrusive to uninvolved users.

4. No meta discussion. If you have a meta concern, please raise it in the Monthly Meta Thread and the moderation team would be happy to help.

5. All /r/anime rules, other than the anime-specific requirement, should still be followed.

6. [Top wo Nerae! Gunbuster](https://streamable.com/fg8lk2)",AutoModerator,92,491
33,anime,"Casual Discussion Fridays - Week of March 12, 2021",14734,"This is a weekly thread to get to know /r/anime's community. Talk about your day-to-day life, share your hobbies, or make small talk with your fellow anime fans. The thread is active all week long so hang around even when it's not on the front page!

Although this is a place for off-topic discussion, there are a few rules to keep in mind:

1. Be courteous and respectful of other users.

2. Discussion of religion, politics, depression, and other similar topics will be moderated due to their sensitive nature. While we encourage users to talk about their daily lives and get to know others, this thread is not intended for extended discussion of the aforementioned topics or for emotional support. **Do not post content falling in this category in spoiler tags and hover text.** This is a public thread, please do not post content if you believe that it will make people uncomfortable or annoy others.

3. Roleplaying is not allowed. This behaviour is not appropriate as it is obtrusive to uninvolved users.

4. No meta discussion. If you have a meta concern, please raise it in the Monthly Meta Thread and the moderation team would be happy to help.

5. All /r/anime rules, other than the anime-specific requirement, should still be followed.

6. [Space Brothers](https://streamable.com/ec1cm9)",AnimeMod,165,755
34,anime,"Casual Discussion Fridays - Week of January 08, 2021",14722,"This is a weekly thread to get to know /r/anime's community. Talk about your day-to-day life, share your hobbies, or make small talk with your fellow anime fans. The thread is active all week long so hang around even when it's not on the front page!

Although this is a place for off-topic discussion, there are a few rules to keep in mind:

1. Be courteous and respectful of other users.

2. Discussion of religion, politics, depression, and other similar topics will be moderated due to their sensitive nature. While we encourage users to talk about their daily lives and get to know others, this thread is not intended for extended discussion of the aforementioned topics or for emotional support. **Do not post content falling in this category in spoiler tags and hover text.** This is a public thread, please do not post content if you believe that it will make people uncomfortable or annoy others.

3. Roleplaying is not allowed. This behaviour is not appropriate as it is obtrusive to uninvolved users.

4. No meta discussion. If you have a meta concern, please raise it in the Monthly Meta Thread and the moderation team would be happy to help.

5. All /r/anime rules, other than the anime-specific requirement, should still be followed.

6. [Planetes](https://streamable.com/jo2jwy)",AnimeMod,101,755
35,anime,"Casual Discussion Fridays - Week of July 16, 2021",14426,"This is a weekly thread to get to know /r/anime's community. Talk about your day-to-day life, share your hobbies, or make small talk with your fellow anime fans. The thread is active all week long so hang around even when it's not on the front page!

Although this is a place for off-topic discussion, there are a few rules to keep in mind:

1. Be courteous and respectful of other users.

2. Discussion of religion, politics, depression, and other similar topics will be moderated due to their sensitive nature. While we encourage users to talk about their daily lives and get to know others, this thread is not intended for extended discussion of the aforementioned topics or for emotional support. **Do not post content falling in this category in spoiler tags and hover text.** This is a public thread, please do not post content if you believe that it will make people uncomfortable or annoy others.

3. Roleplaying is not allowed. This behaviour is not appropriate as it is obtrusive to uninvolved users.

4. No meta discussion. If you have a meta concern, please raise it in the Monthly Meta Thread and the moderation team would be happy to help.

5. All /r/anime rules, other than the anime-specific requirement, should still be followed.

6. [Akira](https://streamable.com/m4lu1x)",AutoModerator,90,491
36,anime,"Casual Discussion Fridays - Week of January 15, 2021",14361,"This is a weekly thread to get to know /r/anime's community. Talk about your day-to-day life, share your hobbies, or make small talk with your fellow anime fans. The thread is active all week long so hang around even when it's not on the front page!

Although this is a place for off-topic discussion, there are a few rules to keep in mind:

1. Be courteous and respectful of other users.

2. Discussion of religion, politics, depression, and other similar topics will be moderated due to their sensitive nature. While we encourage users to talk about their daily lives and get to know others, this thread is not intended for extended discussion of the aforementioned topics or for emotional support. **Do not post content falling in this category in spoiler tags and hover text.** This is a public thread, please do not post content if you believe that it will make people uncomfortable or annoy others.

3. Roleplaying is not allowed. This behaviour is not appropriate as it is obtrusive to uninvolved users.

4. No meta discussion. If you have a meta concern, please raise it in the Monthly Meta Thread and the moderation team would be happy to help.

5. All /r/anime rules, other than the anime-specific requirement, should still be followed.

6. [Magical Shopping Arcade Abenobashi](https://streamable.com/ob0txr)",AnimeMod,96,755
37,anime,"Casual Discussion Fridays - Week of March 05, 2021",14318,"This is a weekly thread to get to know /r/anime's community. Talk about your day-to-day life, share your hobbies, or make small talk with your fellow anime fans. The thread is active all week long so hang around even when it's not on the front page!

Although this is a place for off-topic discussion, there are a few rules to keep in mind:

1. Be courteous and respectful of other users.

2. Discussion of religion, politics, depression, and other similar topics will be moderated due to their sensitive nature. While we encourage users to talk about their daily lives and get to know others, this thread is not intended for extended discussion of the aforementioned topics or for emotional support. **Do not post content falling in this category in spoiler tags and hover text.** This is a public thread, please do not post content if you believe that it will make people uncomfortable or annoy others.

3. Roleplaying is not allowed. This behaviour is not appropriate as it is obtrusive to uninvolved users.

4. No meta discussion. If you have a meta concern, please raise it in the Monthly Meta Thread and the moderation team would be happy to help.

5. All /r/anime rules, other than the anime-specific requirement, should still be followed.

6. [The Girl From the Other Side](https://streamable.com/4cl3qk)",AnimeMod,96,755
38,anime,"Casual Discussion Fridays - Week of May 14, 2021",14283,"This is a weekly thread to get to know /r/anime's community. Talk about your day-to-day life, share your hobbies, or make small talk with your fellow anime fans. The thread is active all week long so hang around even when it's not on the front page!

Although this is a place for off-topic discussion, there are a few rules to keep in mind:

1. Be courteous and respectful of other users.

2. Discussion of religion, politics, depression, and other similar topics will be moderated due to their sensitive nature. While we encourage users to talk about their daily lives and get to know others, this thread is not intended for extended discussion of the aforementioned topics or for emotional support. **Do not post content falling in this category in spoiler tags and hover text.** This is a public thread, please do not post content if you believe that it will make people uncomfortable or annoy others.

3. Roleplaying is not allowed. This behaviour is not appropriate as it is obtrusive to uninvolved users.

4. No meta discussion. If you have a meta concern, please raise it in the Monthly Meta Thread and the moderation team would be happy to help.

5. All /r/anime rules, other than the anime-specific requirement, should still be followed.

6. [Cromartie High School](https://streamable.com/8jx9re)",AnimeMod,99,755
39,anime,"Casual Discussion Fridays - Week of February 19, 2021",14249,"This is a weekly thread to get to know /r/anime's community. Talk about your day-to-day life, share your hobbies, or make small talk with your fellow anime fans. The thread is active all week long so hang around even when it's not on the front page!

Although this is a place for off-topic discussion, there are a few rules to keep in mind:

1. Be courteous and respectful of other users.

2. Discussion of religion, politics, depression, and other similar topics will be moderated due to their sensitive nature. While we encourage users to talk about their daily lives and get to know others, this thread is not intended for extended discussion of the aforementioned topics or for emotional support. **Do not post content falling in this category in spoiler tags and hover text.** This is a public thread, please do not post content if you believe that it will make people uncomfortable or annoy others.

3. Roleplaying is not allowed. This behaviour is not appropriate as it is obtrusive to uninvolved users.

4. No meta discussion. If you have a meta concern, please raise it in the Monthly Meta Thread and the moderation team would be happy to help.

5. All /r/anime rules, other than the anime-specific requirement, should still be followed.

6. [drjwilson-kun and the /r/anime awards](https://www.twitch.tv/videos/922070155)

7. [Re:Zero kara Hajimeru Isekai Seikatsu](https://streamable.com/4504j)",AnimeMod,74,755
40,television,Will Smith Slaps Chris Rock at The Oscars 2022,9332,,Midnight_Oil_,22750,1
41,television,Dave Chappelle Lands Emmy Nomination for ‚ÄòThe Closer‚Äô Despite Outrage Over Anti-Trans Jokes,7589,,Neo2199,15540,864
42,television,‚ÄòHouse of the Dragon‚Äô Star Steve Toussaint Slams Racist Viewers: ‚ÄòThey‚Äôre Happy With a Dragon Flying‚Äô but Not a ‚ÄòRich Black Guy‚Äô,6660,,overvivideo,18845,38
43,television,"GLAAD condemns Dave Chappelle, Netflix for transphobic The Closer",6550,,LarryPeru,3770,112
44,television,Dave Chappelle Calls Kids Who Dared Criticize Him ‚ÄòInstruments of Oppression‚Äô,5976,,inthetownwhere,8643,178
45,television,‚ÄòCowboy Bebop‚Äô Canceled By Netflix After One Season,5974,,MarvelsGrantMan136,22302,3480
46,television,What color is an elf? Or a Sea Snake? And why do you care,5828,,ewzetf,5639,3
47,television,Gina Carano Star Wars: She is No Longer Part of the Future,5745,,thetanhausergate,8337,1
48,television,"Netflix Co-CEO Ted Sarandos Defends Dave Chappelle, Ricky Gervais Free Speech: ‚ÄúIt Used To Be A Very Liberal Issue‚Äù",5740,,Neo2199,13528,864
49,television,The Last of Us - Series Premiere Discussion,5721,"#**The Last of Us**

**Premise:** Set 20 years after the destruction of civilization, Joel (Pedro Pascal) is hired to smuggle 14-year-old Ellie (Bella Ramsey) out of a quarantine zone in this drama series based on the PlayStation video game of the same name.

**Subreddit(s)**: | **Platform:** | **Metacritic:** | **Genre(s)**
:--:|:--:|:--:|:--:|:--:|
**r/TheLastOfUsHBOseries**, **r/TheLastOfUs**| [HBO](https://www.hbomax.com/series/the-last-of-us) | [[84/100](https://www.metacritic.com/tv/the-last-of-us/season-1)] ([score guide](https://www.metacritic.com/about-metascores))| Drama, Action &amp; Adventure, Suspense, Science Fiction 
‚Äã
**Links:**

* [IMDb](https://www.imdb.com/title/tt3581920/)
* [Wikipedia](https://en.wikipedia.org/wiki/The_Last_of_Us_(TV_series\))
* [Trailer](https://www.youtube.com/watch?v=uLtkt8BonwM)",NicholasCajun,4091,147
50,television,‚ÄòThe Simpsons‚Äô Creator Matt Groening Says He ‚ÄúDidn‚Äôt Have A Problem‚Äù With White Actors Voicing Non-White Characters,5239,,Sisiwakanamaru,18263,3000
51,television,Meghan Markle and Prince Harry interview with Oprah,4923,"The interview that aired last night on CBS revealed a lot of new information and clarified old information about how the royal family treated Meghan Markle ever since she started dating Harry. 

The bullet points: 

- When Meghan spent time with the Queen, she felt welcomed. She told a nice anecdote about the Queen sharing the blanket on her lap during a chilly car ride.

- Meghan never made Kate cry about a disagreement over flower girl dresses for the wedding. Kate made Meghan cry, but it was a stressful time, Kate apologized, and it was a non-issue. Yet 7 months later, the story was leaked with Meghan as the villain.

- The press played up a rivalry between Meghan and Kate. When Kate ate avocados, she got positive articles written about her and her food choices. When Meghan ate avocados, she was contributing to the death of the planet. When Kate touched her pregnant belly, it was sweet. When Meghan touched her pregnant belly, it was attention-seeking, vile behavior. That's two examples of many. 

- On several occasions, a member or more than one member of the royal family made comments about the skin tone of the children Harry would have with Meghan. Harry wouldn't say more, but it clearly hurt him and created a rift.

- Though Meghan was prepared to work for the royal family in the same capacity that other family members do, she was given no training for the role. She did her own research to the best of her ability with no guidance besides Harry's advice.

- The family / the firm told her she would be protected from the press to the extent they could manage, but that was a lie from the start. She was savaged in the press and it often took a racist bent. The family never stood up for her in the press or corrected lies.

- There is a symbiotic relationship between the royal family and the tabloids. A holiday party is hosted annually by the palace for the tabloids. There is an expectation to wine and dine tabloid staff and give full access in exchange for sympathetic treatment in the news stories.

- The family / the firm wasn't crazy about how well Meghan did on the Australia tour, which echoes memories of Diana doing surprisingly well on her first Australia tour and winning over the public. I'm not clear on how this manifested itself. Meghan said she thought the family would embrace her as an asset because she provided representation for many of the people of color who live in commonwealths, but this wasn't the case.

- Meghan's friends and family would tell her what the tabloids were saying about her and it became very stressful to deal with. She realized the firm wasn't protecting her at all. She says her only regret is believing they would provide the protection they promised. 

- Archie was not given a title and without the title, was not entitled to security. Meghan said a policy changed while she was pregnant with Archie that took this protection away from him, but the details of this are unclear to me. Other comments I've read make this muddy.

- Harry and Meghan didn't choose to not give Archie a title, but the family had it reported in the press that it was their choice. 

- When Meghan was feeling the most isolated and abandoned, she started having suicidal thoughts which really scared her because she had never felt that way before. She asked for help in the appropriate places and received none. Harry asked for help too and got nothing. She wanted to check herself into a facility to recover, but that was not an option without the palace arranging it, which they refused to do. 

- Once Meghan married into the family, she did not have her passport or ID or car keys anymore. This doesn't mean she couldn't have them if she needed them, but it seems like she would have needed a good, pre-approved reason to have them.

- Even when she wasn't leaving the house, the press was reporting on her as if she was an attention whore galavanting around town and starting problems.

- Finally Harry made the decision to take a step back. He wanted to become a part-time level working family member. They wanted to move to a commonwealth -- New Zealand, South Africa, Canada -- and settled on Canada. They expected to keep working for the family on a part time basis.

- Stories were published misrepresenting their departure. The Queen was not blindsided; she was notified in writing ahead of time of their plan. The idea of working part time was taken off the table. Their security was removed entirely.

- Scared of being unprotected amid numerous death threats (fueled immensely by the racist press), they moved to one of Tyler Perry's houses and he gave them security. Later they moved to their own home and presumably fund their own security now. 

- Harry felt trapped in the life he was born into. He feels compassion for his brother and father who are still ""trapped"" in the system.

Did I miss anything? Probably. 

At the beginning, they confirmed that no question was off the table. I'm disappointed Oprah didn't ask more questions. There was a lot more to cover. She didn't ask about Prince Andrew. She didn't touch on the birth certificate thing. She didn't try very hard to get the names of anyone who mistreated Meghan. 

I wish it wasn't all so vague. They didn't explain well enough the difference between the royal family and the firm or who was making the decisions. 

I also wish Oprah's reactions weren't so over-the-top phony. It's not all that surprising that some members of the royal family are racist or that they didn't fully embrace Meghan due to racism.

Oprah said there was more footage that hasn't been released yet, so I look forward to that, but I don't think it will contain any bombshells.",Comprehensive-Fun47,12611,25
52,television,"The Last of Us - 1x03 ""Long Long Time"" - Episode Discussion",4692,"**Season 1 Episode 3**: Long, Long Time

**Aired**: January 29, 2023
___
**Synopsis**: [When a stranger approaches his compound, survivalist Bill forges an unlikely connection. Later, Joel and Ellie seek Bill's guidance.](https://ibb.co/Bw1v0xL)
___
**Directed by**: Peter Hoar

**Written by**: Craig Mazin 
___
**Subreddits**: r/TheLastofUsHBOseries, r/TheLastOfUs",LoretiTV,4000,188
53,television,The Lord of the Rings: The Rings of Power - Series Premiere Discussion,4688,"#**The Lord of the Rings: The Rings of Power**

**Premise:** The series is set several millennia before the events of J.R.R. Tolkien's The Hobbit and The Lord of the Rings when the rings of power were forged by Sauron. 

**Subreddit(s):** | **Platform:** | **Metacritic:** | **Genre(s)**
:--:|:--:|:--:|:--:|:--:|
**r/LOTR_On_Prime**, **r/LOTR**, **r/LordOfTheRings**, **r/RingsOfPower** | [Prime Video](https://www.amazon.com/Lord-Rings-Power-Season/dp/B09QH98YG1) | [[71/100](https://www.metacritic.com/tv/the-lord-of-the-rings-the-rings-of-power/season-1)] ([score guide](https://www.metacritic.com/about-metascores))| Drama, Action &amp; Adventure, Fantasy 
‚Äã
**Links:**

* [IMDb](https://www.imdb.com/title/tt7631058/)
* [Wikipedia](https://en.wikipedia.org/wiki/The_Lord_of_the_Rings:_The_Rings_of_Power)
* [Trailer](https://www.youtube.com/watch?v=x8UAUAuKNcU)",NicholasCajun,858,147
54,television,Disney's 'Boba Fett' Series Is Not As Popular As 'the Mandalorian' yet,4640,,literious,9656,2
55,television,Netflix‚Äôs Ted Sarandos Defends Dave Chappelle Special in Staff Memo: ‚ÄòArtistic Freedom‚Äô Is Different for Stand-Up,4627,,DemiFiendRSA,9800,732
56,television,"Disney's 'Ms. Marvel,' featuring MCU's first Muslim South Asian superhero, gets review bombed despite receiving glowing reviews from critics.",4625,,TuaTurnsdaballova,11144,3
57,television,"Most TV completely ignores women‚Äôs sports, a 30-year study finds",4623,,actuallyidontknow,17414,141
58,television,"Academy condemns Will Smith's actions, launches review",4524,,wolfsog23,20028,1
59,television,"Chappelle Defended By Sisters Of His Trans Friend Mentioned In ‚ÄòThe Closer‚Äô: ""Daphne understood humor and comedy‚Äîshe was not offended. Why would her family be offended?""",4439,,d7856852,6736,12
61,television,'The Witcher': Liam Hemsworth Replacing Henry Cavill in Season 4,4347,,MarvelsGrantMan136,14814,3480
62,television,'Ms. Marvel' Scores Lowest 5-Day Viewership Of Any MCU Disney+ Series So Far,4278,,MarvelsGrantMan136,8784,3480
63,television,Is ‚ÄòLord of the Rings: The Rings of Power‚Äô Getting Review Bombed? Amazon Suspends Ratings,4215,,MarvelsGrantMan136,6435,3480
64,television,"Academy Starts Disciplinary Proceedings Against Will Smith, Expulsion on the Table; Actor Refused to Leave Ceremony",4192,,MarvelsGrantMan136,21087,3480
65,television,"Dave Chappelle calls controversy over transgender comments ""nonsense,"" says corporate interests are trying to silence him",4161,,ebradio,8481,239
66,television,Rowan Atkinson Says Cancel Culture Is Hurting Comedy: ‚ÄòEvery Joke Has a Victim‚Äô,4070,,MarvelsGrantMan136,8556,3480
67,television,‚ÄòThe Terminal List‚Äô Creator Denies the Show Is ‚ÄòRight-Wing Fantasy‚Äô: Critics Hate It Because ‚ÄòWoke Stuff Isn‚Äôt Shoved Into It‚Äô,4062,,ggroover97,8680,276
68,television,What actor left a major TV show for ‚Äòother projects‚Äô only to fade away?,4015,Probably will be a slightly controversial topic but I think its an interesting question. We all know of many actors who have been on hit shows and decided to leave at the height of their popularity in hopes of launching a career; most times they flop.,rotted-cedarwood,2748,1
69,television,Official 2021 Emmys Discussion,3994,"Welcome to the official r/television discussion thread for the 73rd Primetime Emmy Awards!

***

**Time:** 8 PM Eastern / 5 PM Pacific. Red carpet coverage is beforehand. The ceremony has a scheduled runtime of 3 hours but may exceed its allotted time. 

**Location:** The Event Deck at L.A. Live, Los Angeles, California

**Host:** Cedric the Entertainer

**Network:** CBS

***
####Links

* Nominees and winners lists: [Wikipedia](https://en.wikipedia.org/wiki/73rd_Primetime_Emmy_Awards#Nominees) / [Emmys website](https://www.emmys.com/awards/nominees-winners)
* [Paramount+ stream](https://www.paramountplus.com/shows/emmy-awards/)

***

This post will not be updated with the winners as they are announced.",NicholasCajun,182,147
70,television,Lucasfilm Warned ‚ÄòObi-Wan‚Äô Star Moses Ingram About Racist ‚ÄòStar Wars‚Äô Hate: It Will ‚ÄòLikely Happen‚Äô,3970,,Arpith2019,9517,132
71,television,"Dave Chappelle Gets Standing Ovation Amid Netflix Special Controversy: ‚ÄúIf This Is What Being Canceled Is, I Love It‚Äù",3928,,Neo2199,7887,864
72,television,Rowan Atkinson Says Cancel Culture ‚ÄúLike Medieval Mob Looking For Someone To Burn‚Äù; Hints At ‚ÄòBlackadder‚Äô Revival,3926,,Sisiwakanamaru,16845,3000
73,television,'Resident Evil' is one of Netflix's worst rated shows ever,3897,,MarvelsGrantMan136,17087,3480
74,television,"‚ÄòSNL‚Äô Opening Monologue By Dave Chappelle Draws Anti-Defamation League Fire, Claims It ‚ÄòPopularizes‚Äô Antisemitism",3874,,MarvelsGrantMan136,6748,3480
75,television,Adult Swim Severs Ties With ‚ÄòRick And Morty‚Äô Co-Creator Justin Roiland After Domestic Violence Charges Against Him Became Public,3867,,MarvelsGrantMan136,21184,3480
76,television,Demi Lovato calls out former boyfriend Wilmer Valderrama for dating her when she was 17 and he was 29.,3818,,LarryPeru,12019,112
78,television,Jimmy Fallon Is the Worst Late Night Host,3790,,holyfruits,25513,37
79,television,Jimmy Fallon Reveals He Tested Positive for COVID: 'I Was Vaccinated and Boostered',3748,,holyfruits,10929,37
80,television,HBO Max‚Äôs ‚ÄòVelma‚Äô Can‚Äôt Scare Up a Reason to Exist,3736,,Enrico_Motassa,10676,1
81,television,What TV character death hit you the hardest?,3729,Most shocking or the one that made you cry the most. For me it would have to be Derek or Lexie from Greys Anatomy. Or Dean on season 3 finale of Supernatural.,mmahv,1361,2
82,television,"The Last of Us - 1x02 ""Infected"" - Episode Discussion",3717,"**Season 1 Episode 2**: Infected 

**Aired**: January 22, 2023
___
**Synopsis**: [After escaping the QZ, Joel and Tess clash over Ellie's fate while navigating the ruins of long-abandoned Boston.](https://ibb.co/ZSTvs4M)
___
**Directed by**: Neil Druckmann

**Written by**: Craig Mazin 
___
**Subreddits**: r/TheLastofUsHBOseries, r/TheLastOfUs",LoretiTV,2314,188
83,television,What‚Äôs your favorite ‚Äúturn off your brain and just watch‚Äù show?,3709,The one you‚Äôve seen a million times. the one you turn on when you can‚Äôt decide what to watch. The one you turn on for background noise. Your comfort show. What comes to mind?,JunkFood32,2175,1
84,television,"Without ‚ÄúGame of Thrones,‚Äù HBO saw more than half of its adults 18-49 linear audience disappear in 2020.",3704,,Aileos,21640,7
85,television,"Millie Bobby Brown of ""Stranger Things"" says she's been sexualized from a young age: 'It‚Äôs gross and it's true'",3696,,zsreport,20105,235
86,television,"The Last of Us - 1x09 ""Look for the Light"" - Episode Discussion",3665,"**Season 1 Episode 9**: Look for the Light

**Aired**: March 12, 2023
___
**Synopsis**: [A pregnant Anna places her trust in a lifelong friend. Later, Joel and Ellie near the end of their journey.](https://ibb.co/K5qdtms)
___
**Directed by**: Ali Abbasi

**Written by**: Craig Mazin &amp; Neil Druckmann 
___
**Subreddits**: r/TheLastofUsHBOseries, r/TheLastOfUs",LoretiTV,1601,188
87,television,What Tv series have aged badly?,3629,"These are shows that seem very outdated or the stories became bad due to the changing times.

For example: The Dukes of Hazard",Kylie_Forever,1840,5
88,television,"Disgraced comedian Bill Cosby announces he is making a 5-part documentary series, will write a book, and plans to return to stand-up",3627,,Gato1980,15106,210
89,television,Netflix won't stop canceling shows ‚Äî so I can't be bothered starting them,3622,,paxinfernum,22316,9
