day_of_week_str,hour_of_day,subreddit,count
Friday,8,anime,1768
Friday,14,television,791
Tuesday,15,movies,2932
Monday,16,movies,3206
Monday,18,television,900
Saturday,12,television,324
Saturday,0,movies,2342
Friday,15,anime,2837
Wednesday,17,television,1065
Friday,9,anime,2139
Friday,12,anime,1978
Wednesday,16,anime,2994
Wednesday,18,television,977
Wednesday,23,television,580
Tuesday,19,anime,2709
Thursday,13,movies,2410
Tuesday,23,anime,2582
Saturday,1,television,483
Tuesday,2,anime,2359
Tuesday,7,movies,1550
Tuesday,1,movies,2334
Tuesday,12,anime,2189
Wednesday,8,anime,1775
Tuesday,2,movies,2198
Wednesday,15,television,951
Saturday,14,movies,2301
Sunday,15,television,542
Sunday,19,television,513
Friday,5,television,305
Sunday,7,anime,1958
Saturday,6,anime,1954
Tuesday,21,movies,2691
Sunday,19,anime,2982
Saturday,5,television,297
Friday,11,anime,1956
Friday,19,television,861
Wednesday,13,anime,2429
Sunday,9,anime,2016
Tuesday,1,anime,2396
Friday,10,anime,1861
Wednesday,13,movies,2445
Sunday,20,movies,2564
Sunday,21,television,543
Sunday,15,movies,2526
Friday,6,television,306
Wednesday,10,television,325
Thursday,5,anime,2109
Saturday,6,television,264
Monday,14,anime,2599
Thursday,2,television,423
Monday,15,movies,2938
Tuesday,5,movies,1778
Tuesday,18,television,929
Thursday,16,movies,3205
Wednesday,11,movies,1685
Saturday,21,anime,2790
Monday,13,movies,2402
Thursday,1,television,510
Monday,12,television,403
Monday,14,movies,2807
Monday,17,anime,2995
Tuesday,10,television,284
Saturday,4,television,354
Friday,23,anime,2464
Saturday,1,movies,2308
Thursday,3,anime,2503
Tuesday,7,anime,1906
Tuesday,19,television,918
Wednesday,14,television,905
Monday,15,anime,2972
Thursday,21,television,782
Wednesday,18,movies,3016
Sunday,16,television,583
Monday,11,anime,1843
Tuesday,23,television,667
Saturday,4,movies,2121
Monday,1,anime,2463
Tuesday,9,television,232
Tuesday,11,television,336
Monday,4,movies,2013
Monday,15,television,789
Sunday,22,television,485
Monday,1,television,516
Wednesday,11,television,375
Sunday,14,television,565
Sunday,7,movies,1593
Friday,3,movies,2111
Friday,13,television,564
Wednesday,1,anime,2317
Tuesday,13,anime,2305
Thursday,23,television,579
Thursday,12,anime,1997
Wednesday,16,television,1038
Tuesday,20,television,790
Friday,0,anime,2461
Thursday,18,anime,2810
Monday,7,television,280
Friday,18,movies,2960
Tuesday,3,television,443
Monday,0,movies,2313
Friday,16,anime,3078
Sunday,10,anime,2048
Wednesday,4,television,401
Sunday,18,television,562
Saturday,12,movies,1768
Tuesday,6,anime,1973
Thursday,15,television,914
Wednesday,2,anime,2343
Saturday,11,movies,1652
Saturday,7,television,240
Saturday,17,television,686
Sunday,13,television,442
Tuesday,0,movies,2297
Friday,1,movies,2208
Sunday,5,movies,2008
Saturday,16,television,578
Saturday,9,movies,1540
Thursday,14,movies,2696
Sunday,3,anime,2350
Saturday,7,movies,1497
Sunday,1,movies,2406
Wednesday,22,television,743
Wednesday,6,television,287
Wednesday,0,television,553
Sunday,0,movies,2468
Saturday,9,television,236
Saturday,17,anime,3090
Sunday,8,movies,1718
Friday,7,television,303
Sunday,11,television,286
Friday,17,anime,2915
Monday,20,television,758
Thursday,13,television,633
Sunday,4,anime,2299
Friday,6,movies,1715
Sunday,17,television,568
Monday,20,anime,2725
Wednesday,5,anime,2120
Tuesday,12,television,409
Monday,11,television,327
Thursday,11,movies,1779
Wednesday,10,anime,1829
Wednesday,3,anime,2461
Friday,20,movies,2843
Saturday,13,television,409
Friday,12,movies,1903
Sunday,7,television,272
Sunday,6,anime,2081
Sunday,12,anime,2331
Wednesday,1,movies,2335
Saturday,0,television,492
Monday,19,television,824
Friday,22,movies,2542
Wednesday,3,movies,2149
Monday,4,anime,2271
Wednesday,8,television,271
Monday,3,television,486
Tuesday,20,movies,2714
Monday,19,movies,2803
Sunday,4,movies,2156
Thursday,16,anime,2992
Wednesday,13,television,630
Thursday,15,anime,3008
Sunday,15,anime,2971
Monday,13,anime,2396
Tuesday,23,movies,2369
Friday,4,television,379
Saturday,23,movies,2390
Tuesday,15,television,773
Tuesday,8,anime,1765
Tuesday,13,television,584
Friday,0,movies,2283
Tuesday,11,anime,1846
Wednesday,23,movies,2314
Saturday,15,television,646
Thursday,8,anime,1739
Sunday,11,anime,1943
Wednesday,14,anime,2558
Wednesday,14,movies,2801
Sunday,17,movies,2807
Wednesday,21,movies,2661
Monday,17,movies,3243
Saturday,19,anime,2759
Wednesday,17,anime,2917
Tuesday,3,movies,2136
Tuesday,2,television,468
Monday,0,television,480
Wednesday,0,anime,2362
Wednesday,2,television,483
Friday,5,movies,1918
Tuesday,14,television,782
Monday,10,anime,1817
Sunday,16,movies,2756
Friday,10,television,353
Saturday,5,anime,2098
Saturday,18,anime,2917
Friday,13,anime,2419
Saturday,15,anime,2890
Friday,6,anime,1911
Tuesday,7,television,281
Wednesday,1,television,522
Tuesday,15,anime,2954
Monday,21,anime,2793
Friday,4,anime,2222
Saturday,22,anime,2782
Saturday,11,anime,1844
Monday,9,television,294
Thursday,23,movies,2474
Monday,22,anime,2584
Saturday,14,anime,2503
Monday,3,movies,2431
Wednesday,0,movies,2323
Monday,22,movies,2511
Tuesday,8,television,259
Monday,6,television,356
Saturday,21,movies,2636
Sunday,17,anime,3091
Monday,0,anime,2458
Thursday,11,television,371
Thursday,8,television,263
Tuesday,18,anime,2762
Tuesday,6,television,297
Wednesday,11,anime,1905
Friday,15,movies,2798
Sunday,4,television,328
Thursday,22,television,678
Wednesday,22,movies,2526
Monday,2,anime,2538
Tuesday,5,television,356
Sunday,2,television,421
Sunday,5,television,309
Sunday,2,anime,2657
Saturday,16,movies,2518
Friday,23,television,602
Saturday,8,movies,1585
Saturday,8,television,206
Saturday,17,movies,2694
Thursday,19,movies,2804
Thursday,7,movies,1536
Saturday,8,anime,1665
Monday,8,television,239
Friday,1,anime,2415
Sunday,9,television,227
Sunday,8,anime,1866
Monday,14,television,761
Friday,20,anime,2660
Wednesday,20,anime,2740
Monday,3,anime,2558
Wednesday,15,movies,2934
Friday,19,movies,2965
Tuesday,19,movies,2895
Sunday,12,television,336
Monday,8,anime,1785
Tuesday,14,anime,2614
Tuesday,16,anime,3012
Sunday,18,movies,2860
Tuesday,9,anime,1781
Thursday,10,television,258
Thursday,11,anime,1932
Thursday,21,anime,2500
Wednesday,19,television,918
Friday,14,anime,2621
Thursday,4,movies,1872
Monday,18,anime,2928
Thursday,17,anime,3047
Wednesday,5,television,342
Saturday,14,television,607
Friday,22,television,633
Saturday,15,movies,2386
Wednesday,12,movies,1958
Monday,11,movies,1822
Saturday,20,television,544
Saturday,3,television,397
Monday,16,anime,2940
Friday,23,movies,2466
Saturday,3,anime,2300
Sunday,6,movies,1864
Sunday,11,movies,1765
Tuesday,17,movies,3111
Monday,21,television,696
Monday,8,movies,1546
Saturday,21,television,513
Monday,20,movies,2824
Thursday,12,movies,1955
Friday,7,movies,1539
Saturday,2,movies,2266
Tuesday,6,movies,1686
Friday,18,anime,2934
Monday,13,television,615
Thursday,0,movies,2238
Friday,13,movies,2341
Thursday,18,movies,3048
Friday,7,anime,1818
Thursday,10,movies,1652
Thursday,12,television,479
Sunday,16,anime,2981
Tuesday,3,anime,2516
Thursday,22,anime,2624
Monday,22,television,627
Friday,9,movies,1680
Saturday,6,movies,1855
Tuesday,12,movies,2016
Wednesday,15,anime,3074
Friday,2,movies,2393
Monday,10,television,330
Friday,12,television,441
Wednesday,23,anime,2554
Monday,12,anime,2127
Tuesday,4,movies,1970
Friday,11,television,357
Monday,23,television,615
Tuesday,18,movies,2950
Friday,14,movies,2653
Saturday,10,anime,1991
Monday,10,movies,1659
Monday,5,movies,1846
Sunday,18,anime,2984
Monday,23,movies,2371
Thursday,3,movies,2074
Thursday,2,movies,2062
Saturday,7,anime,1983
Sunday,21,movies,2648
Sunday,10,movies,1697
Tuesday,22,anime,2745
Tuesday,20,anime,2753
Wednesday,7,anime,1903
Tuesday,16,movies,3120
Sunday,20,television,469
Sunday,22,movies,2546
Saturday,13,anime,2266
Monday,7,anime,1790
Wednesday,19,movies,2906
Saturday,4,anime,2205
Monday,16,television,914
Thursday,1,movies,2157
Wednesday,12,television,499
Wednesday,9,movies,1616
Tuesday,22,television,631
Tuesday,21,anime,2738
Saturday,22,television,521
Wednesday,7,movies,1482
Friday,22,anime,2644
Monday,23,anime,2458
Wednesday,9,anime,1933
Friday,16,movies,3104
Monday,17,television,902
Thursday,9,movies,1584
Tuesday,17,anime,2835
Thursday,1,anime,2276
Thursday,2,anime,2261
Thursday,3,television,440
Saturday,20,anime,2703
Thursday,15,movies,2815
Wednesday,21,television,748
Friday,4,movies,2010
Friday,19,anime,2847
Monday,7,movies,1576
Wednesday,7,television,278
Monday,6,movies,1695
Saturday,0,anime,2343
Thursday,0,anime,2293
Saturday,3,movies,2284
Thursday,5,movies,1774
Friday,10,movies,1699
Wednesday,18,anime,2820
Wednesday,4,anime,2177
Friday,8,movies,1585
Wednesday,20,movies,2752
Saturday,10,movies,1532
Wednesday,16,movies,3115
Wednesday,17,movies,3033
Saturday,23,television,439
Tuesday,21,television,732
Tuesday,4,anime,2299
Tuesday,4,television,404
Thursday,21,movies,2663
Friday,3,television,420
Monday,4,television,382
Saturday,18,movies,2702
Sunday,21,anime,2977
Sunday,13,anime,2383
Thursday,16,television,1109
Friday,5,anime,2048
Saturday,11,television,277
Saturday,22,movies,2610
Wednesday,6,movies,1647
Thursday,4,anime,2217
Friday,21,anime,2567
Friday,20,television,759
Wednesday,12,anime,2158
Wednesday,10,movies,1591
Tuesday,10,anime,1825
Sunday,9,movies,1647
Thursday,9,anime,1951
Saturday,10,television,251
Thursday,0,television,586
Sunday,6,television,287
Tuesday,5,anime,2114
Tuesday,10,movies,1687
Monday,18,movies,2998
Wednesday,21,anime,2680
Saturday,2,anime,2321
Wednesday,4,movies,1996
Friday,8,television,282
Thursday,6,movies,1615
Thursday,8,movies,1560
Monday,19,anime,2854
Monday,6,anime,2088
Tuesday,14,movies,2736
Saturday,2,television,428
Sunday,14,anime,2712
Wednesday,22,anime,2664
Tuesday,13,movies,2370
Monday,9,movies,1639
Tuesday,11,movies,1681
Friday,21,movies,2720
Sunday,23,television,470
Friday,11,movies,1642
Saturday,19,movies,2665
Saturday,5,movies,1839
Tuesday,8,movies,1630
Tuesday,22,movies,2577
Monday,21,movies,2618
Saturday,13,movies,1974
Sunday,13,movies,2008
Wednesday,2,movies,2170
Wednesday,19,anime,2754
Thursday,23,anime,2616
Monday,5,anime,2212
Thursday,18,television,974
Thursday,17,television,1094
Thursday,10,anime,1825
Friday,3,anime,2640
Monday,1,movies,2469
Saturday,20,movies,2714
Saturday,1,anime,2242
Thursday,9,television,265
Friday,9,television,258
Sunday,20,anime,2943
Wednesday,5,movies,1772
Tuesday,1,television,480
Sunday,12,movies,1801
Sunday,19,movies,2838
Sunday,22,anime,2804
Friday,17,television,925
Wednesday,8,movies,1535
Friday,2,anime,2334
Friday,18,television,915
Sunday,23,anime,2717
Saturday,19,television,548
Monday,9,anime,1866
Monday,5,television,334
Thursday,17,movies,3264
Thursday,14,television,868
Thursday,22,movies,2604
Saturday,23,anime,2477
Friday,16,television,975
Sunday,14,movies,2389
Saturday,12,anime,2084
Monday,2,movies,2389
Friday,21,television,726
Tuesday,16,television,991
Thursday,6,anime,1903
Wednesday,20,television,775
Tuesday,17,television,1039
Monday,2,television,516
Friday,17,movies,3161
Wednesday,9,television,284
Sunday,23,movies,2538
Thursday,13,anime,2199
Thursday,4,television,386
Thursday,6,television,287
Monday,12,movies,1964
Thursday,14,anime,2496
Tuesday,9,movies,1618
Wednesday,3,television,435
Friday,0,television,564
Thursday,7,television,277
Wednesday,6,anime,1928
Thursday,5,television,327
Friday,15,television,960
Thursday,20,movies,2804
Thursday,19,anime,2671
Sunday,0,television,415
Sunday,0,anime,2426
Thursday,20,anime,2651
Sunday,5,anime,2192
Saturday,18,television,648
Saturday,16,anime,3031
Saturday,9,anime,1993
Tuesday,0,television,581
Sunday,3,television,349
Sunday,3,movies,2259
Thursday,19,television,898
Friday,1,television,532
Thursday,20,television,807
Friday,2,television,512
Tuesday,0,anime,2488
Thursday,7,anime,1936
Sunday,1,anime,2341
Sunday,2,movies,2269
Sunday,1,television,430
Sunday,8,television,205
Sunday,10,television,265
