subreddit,day_of_month,count
movies,4,12229
anime,27,12959
television,9,2893
movies,31,7671
television,1,3017
movies,30,11524
anime,18,13014
anime,31,7972
anime,17,12939
anime,10,13332
television,23,2971
television,17,2926
television,13,2942
movies,9,12423
television,31,1818
television,15,2857
television,26,2721
movies,10,12493
television,29,2586
movies,20,12414
television,22,2933
movies,5,12467
television,18,3010
television,8,2975
television,2,2942
movies,1,12753
movies,14,12473
television,11,3077
movies,18,12358
movies,21,12673
anime,20,13157
movies,28,12849
television,21,3057
anime,13,13141
anime,29,11608
movies,15,12506
movies,29,11509
movies,26,12989
television,19,3027
anime,22,12971
anime,5,13695
television,28,2907
television,25,2887
anime,6,13719
movies,3,12095
anime,16,13211
movies,16,12584
anime,2,13265
television,27,2891
movies,11,12186
anime,14,12978
movies,27,12735
movies,6,12462
television,12,2959
anime,28,13026
movies,7,12627
anime,12,13446
movies,12,12487
anime,15,13119
television,10,3175
anime,9,13688
television,14,3006
television,7,2999
movies,22,12770
movies,17,12317
anime,19,13118
television,20,2900
movies,19,12540
movies,13,12591
anime,30,11717
anime,7,13653
movies,25,12860
anime,26,13406
anime,21,13341
television,5,2820
television,30,2457
anime,23,12953
anime,24,12899
anime,11,13424
television,24,2973
television,16,3046
television,6,2874
movies,24,13031
anime,4,13909
television,3,3047
anime,25,13226
anime,3,14033
anime,1,13515
television,4,2893
anime,8,13864
movies,23,12540
movies,8,12602
movies,2,12327
