,subreddit,title,num_comments,selftext,author,score,rank,count
0,anime,"""Berserk"" creator Kentaro Miura dead at 54",1762,,enterthedragonpunch,33384,1,1
1,anime,Who will be the first seed in Best Girl 8?,619,"Hi everyone, we are currently trialing a new feature that admins have approached us about. You may have seen it around in subs like r/soccer with predictions about the [Euros](https://www.reddit.com/r/soccer/comments/o1oy3t/prediction\_denmark\_vs\_belgium/). 

For more information about predictions, check out this [link here]
(https://www.reddit.com/r/anime/comments/nt8v23/meta_thread_month_of_june_06_2021/h0qsvhp/).

[View Poll](https://www.reddit.com/poll/o293ul)",mpp00,31830,2,241
2,anime,Best Girl 9 Prediction Tournament! ,264,,mpp00,30302,3,241
3,anime,The Devil is a Part-Timer Season 2 Announced!,2486,,Srikkk,30213,4,32
4,anime,"""Spice and Wolf"" New Anime Announced",1897,,dorkmax_executives,29222,5,304
5,anime,'Konosuba' Season 3 Announced,993,,RobotiSC,28555,6,519
6,anime,"""JoJo's Bizarre Adventure Part 6"" Anime Announced",1334,,Lovro26,27942,7,1450
7,anime,Konosuba | New Anime Key Visual (HQ),762,,MarvelsGrantMan136,27634,8,3480
8,anime,One Punch Man Season 3 Announced,1264,,Turbostrider27,27156,9,2235
9,anime,Shingeki no Kyojin: The Final Season - Episode 64 discussion,6434,"*Shingeki no Kyojin: The Final Season*, episode 64

Alternative names: *Attack on Titan Final Season, Shingeki no Kyojin Season 4*

# [Rate this episode here.](https://youpoll.me/49611/)

**Reminder:** Please do not discuss plot points not yet seen or skipped in the show. Failing to follow the rules may result in a ban.

---

**Streams**

* [Crunchyroll](http://crunchyroll.com/attack-on-titan)
* [Funimation](https://www.funimation.com/shows/attack-on-titan/)

**Show information**

* [MyAnimeList](https://myanimelist.net/anime/40028/)
* [AniList](https://anilist.co/anime/110277)
* [AniDB](https://anidb.net/perl-bin/animedb.pl?show=anime&amp;aid=14977)
* [Kitsu](https://kitsu.io/anime/shingeki-no-kyojin-the-final-season)
* [Anime-Planet](https://www.anime-planet.com/anime/attack-on-titan-the-final-season)
* [Official Website](https://shingeki.tv/final/)
* **/r/ShingekiNoKyojin**

---

**All discussions**

Episode|Link|Score|Episode|Link|Score
:-:|:-:|:-:|:-:|:-:|:-:
60|[Link](https://redd.it/k81c6z)|[4.65](https://youpoll.me/48006/r)|73|[Link](https://redd.it/ma083t)|[4.67](https://youpoll.me/52403/r)
61|[Link](https://redd.it/kch08e)|[4.57](https://youpoll.me/48455/r)|74|[Link](https://redd.it/ma16ut)|[-](https://youpoll.me/52869/r)
62|[Link](https://redd.it/kh058u)|[4.71](https://youpoll.me/48790/r)
63|[Link](https://redd.it/kl9c9d)|[4.77](https://youpoll.me/49026/r)
64|[Link](https://redd.it/kujurp)|[4.9](https://youpoll.me/49611/r)
65|[Link](https://redd.it/kze37p)|[4.73](https://youpoll.me/49914/r)
66|[Link](https://redd.it/l45t96)|[4.92](https://youpoll.me/50250/r)
67|[Link](https://redd.it/l9ivhh)|[4.81](https://youpoll.me/50559/r)
68|[Link](https://redd.it/lev91b)|[4.67](https://youpoll.me/50859/r)
69|[Link](https://redd.it/ljx33b)|[4.53](https://youpoll.me/51147/r)
70|[Link](https://redd.it/lp59og)|[4.64](https://youpoll.me/51430/r)
71|[Link](https://redd.it/lujsy1)|[4.52](https://youpoll.me/51739/r)
72|[Link](https://redd.it/lzybzs)|[4.79](https://youpoll.me/52098/r)

---

*This post was created by a bot. Message the mod team for feedback and comments.*
*The original source code can be found on [GitHub](https://github.com/r-anime/holo).*",AutoLovepon,26579,10,6982
10,television,Former 'Reading Rainbow' host LeVar Burton wants to be new 'Jeopardy!' host,2903,,esporx,61389,1,141
11,television,"LeVar Burton wants Jeopardy producers to know he's the best person to host - ""I think my whole career is an advertisement for being the host of Jeopardy,"" the former Reading Rainbow and Star Trek star tells EW with a laugh.",1513,,chanma50,45599,2,1662
12,television,"For the Love of God, Let LeVar Burton Host Jeopardy",1602,,manskies,45499,3,2
13,television,‘Futurama’ Revival Ordered at Hulu With Multiple Original Cast Members Returning,2533,,chanma50,40529,4,1662
14,television,‘Mindhunter’ Director Urges Fans to Make Noise for Season 3: ‘It Might Actually Happen’,1149,,MarvelsGrantMan136,39701,5,3480
15,television,"Jessica Walter Dies: Emmy-Winning ‘Arrested Development,’ ‘Archer’ Actress Was 80",1746,,chanma50,39183,6,1662
16,television,Biden Inauguration Captures Bigger Audience Than Donald Trump’s,2038,,chanma50,38453,7,1662
17,television,Terry Crews Receives A Star On The Hollywood Walk Of Fame,661,,Gato1980,35198,8,210
18,television,Pedro Pascal To Star As Joel In ‘The Last Of Us’ HBO Series Based On Video Game,2671,,chanma50,34814,9,1662
19,television,"Conan O’Brien Deserved Better. One of the most influential late night hosts in history is saying goodbye, and it should be a bigger deal.",1851,,Samoht99,34665,10,1180
20,movies,"Hi, I’m Keanu Reeves, AMA",33376,,lionsgate,282232,1,9
21,movies,"Hi, I’m Tobey Maguire, actor/executive producer of BABYLON and occasional superhero. AMA!",17793,,officialtobeymaguire,192782,2,1
22,movies,"Hello, I’m Nicolas Cage and welcome to Ask Me Anything",26670,,lionsgate,189542,3,9
23,movies,"Please Bring Back Voice Actors, Stop Celebrity Voices",5191,,fungobat,137551,4,82
24,movies,Brendan Fraser Wins Academy Award for Best Actor for 'The Whale',3290,,MarvelsGrantMan136,109148,5,3480
25,movies,‘Dune’ Sequel Greenlit By Legendary For Exclusive Theatrical Release,6559,,CosmicBlazeKnight,108958,6,2
26,movies,Guy On Doomed Planet Mostly Concerned With Skin Color Of People In Movies,5291,,uxhelpneeded,103672,7,1
27,movies,"Gilbert Gottfried, Comedian and ‘Aladdin’ Star, Dies at 67",4875,,chanma50,103500,8,1662
28,movies,WillSmith Banned from Attending Oscars Ceremony and Academy Events for 10 Years,10783,,MarvelsGrantMan136,101136,9,3480
29,movies,"Robbie Coltrane, Comic Performer Who Played Hagrid in ‘Harry Potter’ Movies, Dies at 72",2467,,MarvelsGrantMan136,94867,10,3480
