subreddit,day,month,year,count
movies,19,11,2022,320
television,16,6,2021,113
anime,31,3,2021,766
television,18,5,2021,135
television,19,7,2022,132
movies,26,3,2023,380
anime,26,3,2021,655
anime,29,7,2022,413
television,28,1,2023,92
movies,28,9,2021,388
television,5,12,2022,88
movies,21,9,2022,333
anime,24,3,2023,368
anime,26,5,2022,434
anime,2,11,2022,390
television,4,3,2023,63
television,18,12,2022,89
movies,23,11,2021,491
anime,23,8,2022,392
anime,22,2,2023,404
television,24,7,2022,95
movies,4,3,2023,319
television,12,10,2022,146
movies,29,11,2022,353
anime,19,4,2022,413
movies,20,2,2022,449
television,25,12,2021,63
anime,9,6,2021,723
television,19,4,2022,118
movies,25,5,2021,745
movies,17,6,2021,638
television,8,2,2022,117
movies,27,8,2022,374
movies,6,10,2022,357
movies,20,4,2021,660
television,10,3,2021,139
television,31,3,2021,103
anime,12,10,2022,449
television,8,6,2021,121
movies,20,9,2022,361
television,17,4,2022,84
movies,30,7,2022,371
anime,11,5,2022,424
anime,21,9,2022,447
anime,25,9,2022,428
television,25,5,2021,111
anime,26,2,2021,676
anime,19,2,2022,428
television,24,10,2022,100
anime,4,10,2022,434
movies,31,3,2021,814
anime,9,5,2022,366
movies,3,12,2021,433
movies,27,10,2021,530
movies,22,1,2021,547
anime,17,8,2022,387
anime,28,6,2022,410
television,19,5,2021,155
movies,16,12,2022,553
anime,9,10,2022,408
anime,8,11,2022,387
movies,16,4,2021,687
television,14,8,2022,104
television,11,5,2022,107
movies,15,7,2022,457
anime,24,8,2022,412
movies,29,9,2021,418
television,1,7,2022,136
anime,7,4,2022,491
anime,6,4,2022,416
anime,6,7,2022,459
television,26,1,2022,147
television,11,1,2021,136
anime,13,9,2022,326
television,15,11,2022,76
television,10,2,2021,157
television,10,8,2022,147
television,4,2,2023,89
anime,29,11,2022,357
anime,18,6,2022,426
anime,28,10,2022,391
anime,10,10,2022,400
movies,9,5,2022,404
anime,9,12,2022,382
anime,17,9,2022,401
television,14,7,2022,163
movies,29,6,2021,712
anime,10,3,2021,693
anime,25,12,2021,398
anime,6,6,2022,409
movies,24,10,2022,408
television,9,11,2022,106
movies,25,12,2022,561
television,26,7,2021,101
anime,3,11,2021,404
movies,14,1,2021,504
movies,29,8,2022,392
television,29,6,2022,155
movies,21,12,2022,590
television,30,3,2021,115
anime,8,5,2021,634
movies,21,1,2023,409
television,21,2,2023,103
television,9,1,2023,132
television,18,9,2022,69
television,4,5,2022,115
television,6,10,2022,120
television,15,1,2021,130
movies,24,8,2022,423
movies,18,9,2022,353
television,20,2,2022,103
movies,21,3,2021,795
anime,26,1,2021,777
anime,23,6,2022,374
movies,10,9,2022,389
anime,22,3,2022,472
anime,11,1,2021,749
anime,29,6,2021,589
anime,1,6,2022,245
television,24,3,2023,108
television,15,12,2021,92
television,28,6,2022,123
movies,24,3,2023,385
television,25,3,2021,145
movies,9,8,2022,399
movies,9,7,2022,369
movies,23,3,2021,808
movies,1,2,2022,446
movies,1,6,2021,693
movies,19,3,2023,386
television,4,12,2022,67
television,3,12,2022,82
anime,14,7,2022,439
television,17,6,2021,126
anime,16,10,2022,400
television,13,9,2022,156
movies,1,7,2022,310
television,9,3,2021,158
television,1,3,2021,124
anime,17,6,2021,598
television,6,1,2023,151
movies,6,6,2022,383
movies,4,6,2021,731
anime,21,5,2022,380
television,20,9,2022,114
television,12,5,2022,147
television,16,7,2022,88
anime,1,3,2021,669
anime,5,12,2022,345
television,18,2,2023,88
anime,4,2,2023,414
anime,9,7,2022,431
movies,11,1,2021,462
anime,9,8,2022,404
television,8,5,2021,77
anime,6,1,2023,499
television,17,3,2023,104
movies,22,12,2022,528
anime,23,11,2021,375
anime,16,11,2021,394
movies,19,1,2021,440
movies,17,12,2022,457
anime,9,6,2022,381
anime,18,2,2023,343
anime,15,3,2023,340
movies,28,1,2023,411
movies,24,5,2022,371
television,22,12,2022,115
movies,26,5,2022,453
anime,22,1,2021,743
television,9,8,2022,122
movies,4,5,2022,335
anime,22,1,2023,368
movies,28,12,2022,516
anime,25,3,2021,747
movies,8,5,2021,606
movies,17,2,2022,368
anime,29,1,2023,392
anime,25,5,2021,595
television,6,4,2022,107
television,15,4,2022,117
movies,4,2,2023,370
anime,15,6,2022,393
anime,28,12,2022,432
anime,17,11,2021,417
anime,17,4,2022,441
anime,3,12,2021,423
anime,1,9,2022,386
movies,26,7,2021,470
movies,7,12,2022,332
television,4,12,2021,78
anime,26,4,2022,447
movies,15,9,2022,352
television,24,3,2022,105
movies,5,2,2022,451
movies,3,8,2022,444
anime,10,9,2022,368
anime,11,9,2022,367
anime,22,12,2022,395
anime,16,9,2022,373
television,27,4,2022,92
television,26,7,2022,146
movies,4,10,2022,340
anime,3,12,2022,390
movies,13,5,2021,698
television,28,4,2021,157
anime,14,8,2022,436
television,15,8,2022,120
television,19,9,2022,92
anime,9,1,2023,392
television,16,3,2022,137
movies,28,4,2021,725
movies,15,3,2023,384
television,9,5,2022,97
movies,30,3,2021,818
movies,23,2,2022,383
television,30,6,2021,125
movies,23,6,2022,372
television,10,9,2022,174
television,20,5,2021,140
movies,25,12,2021,516
anime,5,2,2022,494
anime,3,4,2022,520
anime,15,1,2023,418
anime,23,3,2021,685
movies,8,12,2022,387
movies,16,6,2021,682
television,9,10,2022,82
television,29,12,2022,100
anime,25,8,2022,329
television,29,4,2022,118
movies,24,9,2022,343
movies,9,2,2021,594
anime,8,4,2022,482
movies,17,3,2022,341
movies,25,4,2022,411
television,27,5,2021,137
anime,17,2,2021,728
anime,1,5,2022,427
movies,30,1,2022,483
television,13,10,2022,124
television,13,7,2022,135
movies,2,2,2021,608
television,7,3,2022,134
movies,31,8,2022,339
movies,15,10,2022,337
movies,27,2,2023,373
movies,13,7,2022,370
movies,19,6,2022,360
anime,30,7,2021,571
television,23,1,2023,113
anime,5,11,2022,401
television,16,2,2021,127
television,18,11,2022,80
television,2,1,2023,119
television,18,7,2022,166
anime,30,1,2023,439
movies,17,5,2022,363
anime,13,12,2022,357
anime,4,1,2023,402
anime,15,10,2022,396
movies,4,3,2022,398
television,6,5,2022,114
movies,8,3,2023,402
television,5,6,2022,111
anime,18,5,2022,396
television,1,2,2023,148
anime,30,1,2022,476
movies,18,8,2022,376
anime,24,9,2022,505
television,8,1,2023,107
movies,16,1,2023,410
movies,1,10,2022,338
television,22,10,2022,74
anime,24,12,2022,386
anime,4,3,2022,402
television,21,11,2022,83
movies,19,2,2021,635
anime,5,8,2021,658
television,28,5,2022,85
movies,21,6,2021,688
anime,20,4,2022,460
television,25,2,2022,116
anime,18,11,2022,342
movies,30,1,2021,635
television,14,3,2023,68
television,12,12,2022,111
movies,7,1,2023,505
anime,9,3,2023,368
anime,12,1,2022,515
television,5,4,2021,110
anime,17,5,2022,407
movies,19,3,2022,319
movies,20,2,2021,494
television,22,7,2022,160
television,17,3,2021,133
movies,4,4,2021,739
television,17,2,2023,92
anime,19,3,2022,444
television,12,1,2021,115
movies,24,5,2021,783
anime,11,8,2021,626
television,1,4,2022,144
anime,5,3,2023,372
television,27,2,2023,110
television,12,8,2022,127
movies,22,10,2022,324
television,25,7,2022,153
anime,27,5,2021,563
television,15,2,2021,112
movies,8,1,2021,460
movies,12,12,2022,385
movies,7,4,2021,705
movies,5,6,2022,349
television,31,8,2022,130
movies,5,2,2023,380
movies,17,2,2021,554
movies,16,2,2021,618
movies,25,7,2022,417
television,20,4,2022,129
movies,1,11,2022,333
anime,29,5,2022,450
television,8,9,2021,148
movies,20,11,2022,324
anime,7,3,2022,451
television,25,10,2022,129
anime,30,8,2022,389
movies,1,2,2023,376
anime,21,6,2021,569
television,24,5,2021,112
movies,5,4,2021,763
movies,5,11,2022,357
anime,29,4,2022,427
anime,8,1,2023,463
anime,13,7,2022,458
anime,14,1,2023,399
anime,24,5,2021,604
anime,12,1,2023,334
anime,13,5,2022,471
television,16,1,2023,121
anime,14,3,2023,244
television,23,4,2021,137
television,18,8,2022,157
movies,8,1,2023,545
anime,5,10,2022,406
television,9,3,2023,114
movies,8,5,2022,352
movies,7,3,2021,620
anime,28,5,2022,394
anime,23,4,2021,698
television,8,5,2022,90
anime,25,7,2022,412
anime,12,11,2022,364
anime,1,4,2022,510
television,1,4,2021,93
anime,12,2,2021,714
movies,29,3,2023,358
television,1,3,2023,102
television,14,3,2021,86
movies,12,1,2023,402
movies,14,9,2022,338
television,15,10,2022,76
movies,14,2,2021,603
movies,30,6,2022,367
movies,28,7,2022,438
anime,27,2,2023,364
movies,12,1,2021,513
movies,27,6,2021,703
television,30,11,2022,98
television,10,6,2021,134
television,10,12,2022,72
television,4,4,2022,118
anime,29,7,2021,604
movies,22,3,2023,362
television,16,6,2022,135
anime,10,11,2022,364
television,26,1,2023,130
anime,3,8,2021,557
anime,3,5,2022,432
movies,11,7,2022,350
television,30,4,2022,84
anime,1,3,2022,527
anime,27,6,2021,676
movies,20,1,2021,451
anime,30,9,2022,341
anime,8,2,2023,359
movies,30,4,2022,318
movies,1,12,2022,380
movies,7,9,2022,422
movies,24,1,2023,406
television,6,8,2021,91
television,5,11,2021,96
television,27,5,2022,94
movies,3,1,2021,561
television,11,7,2022,123
anime,11,7,2022,437
movies,14,2,2022,397
anime,15,2,2022,495
television,4,11,2022,108
anime,9,3,2022,468
anime,28,3,2021,778
anime,6,8,2021,592
movies,3,3,2022,363
anime,8,2,2021,706
movies,6,12,2021,477
television,5,5,2022,126
movies,6,4,2021,793
television,24,6,2022,96
movies,7,11,2022,345
movies,16,6,2022,377
anime,21,3,2023,359
anime,6,12,2021,452
television,19,2,2021,145
movies,11,3,2023,360
television,8,2,2021,95
movies,8,2,2021,500
movies,18,10,2022,345
anime,16,3,2023,327
movies,13,6,2021,680
television,3,5,2022,138
anime,6,4,2021,727
television,11,6,2021,128
movies,11,5,2021,748
movies,10,6,2021,748
movies,13,6,2022,410
anime,9,2,2023,311
television,13,6,2022,157
anime,12,3,2021,628
television,19,2,2023,89
movies,13,1,2023,402
movies,1,3,2022,363
movies,12,3,2021,664
anime,3,3,2021,716
television,29,9,2022,111
television,23,3,2023,98
television,2,6,2022,139
movies,12,6,2021,695
movies,16,11,2022,361
television,7,11,2022,119
movies,7,2,2023,304
movies,5,3,2022,386
television,20,6,2022,103
anime,2,5,2021,640
anime,28,2,2023,365
movies,4,4,2022,371
television,25,5,2022,111
movies,9,3,2022,378
television,2,5,2021,81
television,7,9,2022,148
movies,14,12,2022,444
anime,14,12,2022,332
movies,11,2,2023,314
movies,11,1,2022,484
anime,20,1,2021,777
movies,8,2,2023,312
movies,3,8,2021,431
television,11,8,2022,115
movies,5,3,2021,665
television,10,2,2023,93
television,22,2,2021,137
anime,1,1,2023,442
anime,22,2,2021,723
television,8,4,2021,110
anime,5,9,2022,352
television,20,1,2021,116
anime,4,3,2021,673
anime,10,7,2022,478
anime,27,6,2022,411
movies,12,4,2021,769
television,30,3,2023,105
movies,19,6,2021,659
television,19,11,2021,116
television,27,12,2022,107
television,10,4,2021,82
movies,2,3,2021,555
anime,25,1,2021,747
anime,14,11,2022,409
anime,13,3,2021,672
anime,7,6,2021,576
anime,28,3,2023,311
anime,8,4,2021,750
television,27,11,2022,60
anime,27,4,2021,701
anime,11,4,2021,632
anime,28,9,2022,403
anime,12,4,2021,718
movies,27,6,2022,378
movies,20,10,2022,395
anime,27,1,2023,353
anime,24,11,2022,328
movies,11,4,2021,673
anime,6,9,2021,532
movies,16,2,2023,371
television,24,11,2022,85
anime,19,12,2022,350
anime,2,12,2022,332
anime,20,10,2022,375
anime,10,1,2023,425
television,19,12,2022,115
television,20,10,2022,109
television,5,1,2021,134
movies,5,1,2021,470
television,10,7,2022,84
anime,29,10,2022,414
movies,27,12,2022,550
movies,4,5,2021,657
movies,22,2,2021,578
television,10,1,2023,129
television,2,12,2022,86
anime,30,3,2023,315
movies,27,4,2021,697
movies,5,6,2021,738
anime,27,12,2022,463
television,6,2,2022,81
television,16,8,2022,140
movies,5,9,2022,429
anime,2,3,2022,427
television,23,3,2022,96
anime,5,6,2021,567
television,20,1,2023,123
television,28,9,2022,116
anime,31,3,2023,304
anime,16,8,2022,385
movies,14,10,2022,436
anime,5,1,2023,418
movies,5,1,2023,484
television,24,6,2021,109
television,5,1,2023,145
anime,19,1,2023,336
movies,17,6,2022,399
television,17,6,2022,133
anime,7,3,2023,337
movies,26,3,2022,361
television,19,1,2023,135
movies,5,5,2021,628
television,21,6,2022,131
movies,7,5,2021,659
anime,20,10,2021,461
television,21,4,2022,154
anime,27,3,2022,544
anime,3,2,2023,383
television,27,3,2022,89
anime,22,4,2021,622
anime,28,4,2022,418
movies,10,12,2021,460
anime,21,2,2022,503
movies,16,5,2022,312
movies,20,10,2021,445
television,9,9,2022,107
anime,20,3,2023,355
movies,28,6,2021,706
television,3,2,2023,100
movies,14,5,2021,690
anime,14,3,2022,432
movies,7,3,2023,348
television,19,8,2022,193
television,19,3,2023,76
movies,8,3,2022,372
anime,23,9,2022,397
movies,4,9,2022,387
television,21,10,2022,110
movies,23,9,2022,363
television,25,11,2022,78
movies,20,3,2023,382
movies,31,1,2023,348
anime,21,4,2022,443
movies,10,3,2023,353
anime,28,6,2021,579
anime,23,5,2022,419
anime,5,1,2022,445
television,23,5,2022,99
anime,28,2,2021,708
movies,23,11,2022,366
anime,10,1,2022,507
television,15,5,2022,73
television,24,2,2023,99
television,28,2,2021,91
movies,15,3,2021,627
anime,18,4,2021,694
television,5,1,2022,133
anime,27,3,2021,700
movies,3,9,2022,340
television,27,3,2021,97
movies,5,1,2022,539
movies,12,4,2022,420
anime,3,5,2021,1026
movies,15,5,2022,353
television,19,10,2022,87
television,15,3,2021,96
television,22,6,2021,114
anime,18,4,2022,487
television,19,11,2022,63
anime,3,9,2022,389
television,12,4,2022,114
movies,5,7,2022,378
movies,28,2,2021,489
movies,18,4,2022,473
television,5,7,2022,105
television,15,12,2022,113
television,28,12,2022,88
anime,26,2,2023,396
movies,15,5,2021,640
movies,2,2,2022,472
anime,17,1,2023,396
movies,10,5,2022,392
movies,14,4,2021,695
anime,18,3,2021,638
anime,2,2,2022,496
movies,16,7,2021,468
movies,24,3,2021,867
television,26,9,2021,59
movies,26,9,2021,384
television,18,2,2021,124
movies,2,10,2022,333
television,11,2,2023,101
anime,26,4,2021,850
television,2,2,2023,126
anime,20,2,2023,370
anime,20,3,2021,606
movies,27,1,2021,596
movies,22,2,2022,415
television,1,5,2021,87
anime,6,3,2022,556
movies,1,5,2021,654
television,20,3,2021,66
movies,17,7,2022,376
anime,2,3,2023,353
television,8,2,2023,93
movies,2,3,2023,329
television,27,1,2021,133
anime,22,8,2022,399
movies,6,3,2022,432
anime,1,5,2021,624
anime,14,2,2023,359
anime,30,4,2021,690
movies,18,3,2022,373
television,21,10,2021,115
movies,22,5,2022,324
movies,21,10,2021,468
television,22,5,2021,97
movies,27,2,2021,487
movies,11,4,2022,415
movies,11,12,2022,396
anime,11,4,2022,486
television,14,2,2023,108
anime,12,5,2021,615
television,10,5,2021,113
movies,6,6,2021,715
movies,25,11,2021,431
movies,23,4,2022,353
television,6,3,2021,99
movies,28,5,2021,792
television,28,5,2021,111
television,13,4,2022,106
anime,13,4,2022,418
movies,13,4,2022,379
anime,10,3,2022,455
television,11,3,2021,130
television,10,3,2022,115
anime,31,1,2022,522
anime,18,11,2021,425
anime,23,1,2021,632
television,18,11,2021,125
television,7,2,2021,103
television,30,5,2022,57
television,23,1,2021,140
anime,24,8,2021,526
anime,27,12,2021,469
anime,30,5,2021,521
television,29,11,2021,92
television,1,1,2021,96
television,17,1,2021,96
television,12,6,2022,87
television,28,11,2021,79
anime,20,3,2022,474
television,3,2,2021,143
anime,18,6,2021,553
television,10,1,2021,89
anime,17,1,2021,731
movies,20,3,2022,408
movies,30,5,2021,797
anime,12,6,2022,449
television,2,1,2022,88
anime,2,1,2022,413
anime,24,4,2021,659
television,16,1,2022,104
anime,14,5,2022,483
television,2,7,2022,94
television,15,10,2021,128
movies,1,2,2021,645
movies,15,10,2021,446
movies,16,10,2021,539
television,5,7,2021,69
movies,19,12,2021,517
television,2,8,2021,112
anime,2,1,2021,632
anime,21,11,2021,469
anime,18,10,2021,481
anime,1,8,2021,551
television,19,10,2021,126
movies,13,12,2021,499
anime,13,9,2021,453
television,22,7,2021,103
anime,10,7,2021,611
movies,21,7,2021,379
anime,9,10,2021,476
movies,1,11,2021,508
anime,10,8,2021,547
anime,23,1,2022,510
movies,8,10,2021,451
movies,13,8,2021,403
movies,27,2,2022,366
anime,11,7,2021,594
television,21,8,2021,69
television,15,9,2021,138
television,15,8,2021,62
television,16,8,2021,95
movies,26,8,2021,492
movies,30,12,2021,545
anime,14,9,2021,477
movies,12,2,2022,389
movies,25,8,2021,458
television,12,2,2022,88
movies,4,9,2021,415
anime,21,5,2021,582
anime,25,10,2021,484
anime,21,1,2022,504
anime,16,8,2021,573
movies,23,8,2021,434
television,27,10,2021,112
movies,24,12,2021,603
movies,6,2,2021,515
anime,12,9,2021,516
anime,15,8,2021,564
television,12,7,2021,89
anime,26,12,2021,411
television,14,1,2022,142
television,1,10,2021,110
movies,26,2,2022,358
anime,26,2,2022,420
anime,16,5,2021,689
movies,17,10,2021,444
movies,6,11,2021,445
anime,4,10,2021,551
movies,18,10,2021,520
television,18,8,2021,112
movies,31,10,2021,471
television,30,12,2021,73
television,23,1,2022,106
television,5,2,2021,124
movies,14,7,2021,424
anime,7,12,2021,482
anime,9,1,2022,696
anime,18,12,2021,480
movies,25,7,2021,421
television,12,9,2021,74
anime,5,7,2021,641
anime,19,12,2021,468
movies,18,12,2021,482
movies,26,12,2021,529
anime,8,11,2021,443
anime,14,10,2021,450
television,7,12,2021,102
television,8,8,2021,83
movies,11,11,2021,457
anime,11,11,2021,432
anime,13,1,2022,466
television,16,5,2021,104
television,18,7,2021,43
television,7,11,2021,82
television,27,9,2021,137
television,6,2,2021,107
anime,11,12,2021,437
movies,9,8,2021,547
television,12,12,2021,91
movies,2,8,2021,474
movies,2,12,2021,449
television,14,7,2021,117
anime,25,7,2021,563
television,31,10,2021,51
anime,8,1,2022,560
television,27,11,2021,96
television,13,7,2021,116
movies,9,11,2021,510
television,31,8,2021,121
movies,27,11,2021,445
television,21,9,2021,144
anime,28,10,2021,454
television,1,2,2021,187
movies,6,7,2021,429
movies,24,9,2021,436
anime,10,9,2021,511
anime,24,9,2021,430
movies,23,7,2022,469
television,6,1,2022,119
movies,16,4,2022,359
movies,10,4,2022,392
movies,13,11,2021,449
movies,12,10,2021,420
movies,3,7,2021,434
movies,22,1,2022,441
movies,29,1,2021,604
television,28,10,2021,110
anime,15,7,2021,669
television,5,10,2021,112
anime,13,10,2021,469
television,7,10,2021,125
anime,2,9,2021,470
anime,21,9,2021,499
movies,3,9,2021,444
movies,3,10,2021,493
television,23,8,2021,101
anime,16,4,2022,481
television,15,7,2021,119
anime,6,7,2021,579
television,8,1,2022,86
anime,22,9,2021,433
anime,13,11,2021,450
anime,11,10,2021,451
television,4,11,2021,93
television,25,9,2021,131
movies,7,8,2021,498
anime,31,12,2021,492
television,7,8,2021,83
television,13,3,2022,69
movies,4,11,2021,499
anime,24,1,2021,726
movies,20,11,2021,413
anime,19,8,2021,540
anime,28,7,2021,565
movies,3,1,2022,533
movies,19,9,2021,426
television,30,10,2021,60
television,31,12,2021,171
movies,19,8,2021,464
anime,20,11,2021,424
television,23,10,2021,70
television,19,9,2021,87
movies,20,12,2021,536
movies,28,8,2021,435
anime,28,12,2021,444
movies,28,1,2022,465
television,23,12,2021,69
anime,27,1,2022,462
movies,27,1,2022,464
anime,23,12,2021,436
movies,16,9,2021,454
anime,23,9,2021,481
movies,22,10,2021,525
anime,22,10,2021,450
television,17,9,2021,116
television,16,9,2021,114
television,3,2,2022,169
movies,1,7,2021,670
television,4,2,2021,130
anime,1,7,2021,600
movies,6,7,2022,390
television,26,3,2023,57
movies,14,8,2022,321
movies,5,5,2022,357
television,3,3,2021,140
television,26,4,2021,114
anime,26,3,2023,366
anime,17,11,2022,348
movies,28,10,2022,348
movies,9,9,2022,343
television,3,9,2022,112
anime,13,2,2023,377
anime,31,5,2022,375
anime,6,2,2023,374
anime,9,3,2021,672
movies,7,7,2021,436
anime,21,2,2023,362
anime,19,8,2022,392
television,8,6,2022,127
television,17,8,2021,88
television,18,4,2022,128
television,23,9,2022,109
movies,25,2,2023,446
anime,16,11,2022,328
movies,3,3,2021,617
movies,13,3,2021,724
television,1,3,2022,121
movies,8,11,2022,372
anime,11,1,2023,376
anime,17,3,2022,432
movies,15,3,2022,358
movies,19,8,2022,446
anime,20,12,2022,396
television,12,3,2023,90
television,8,12,2022,91
television,6,7,2022,148
television,16,2,2023,115
movies,31,10,2022,360
movies,15,1,2023,368
anime,21,10,2022,351
movies,19,5,2021,701
movies,8,2,2022,631
television,14,4,2022,120
movies,20,5,2022,320
television,13,5,2021,127
anime,13,3,2023,319
movies,17,8,2021,421
television,4,10,2022,99
anime,24,6,2021,515
movies,11,10,2022,372
movies,11,1,2023,508
television,6,10,2021,95
movies,12,5,2021,743
television,22,11,2022,78
anime,1,3,2023,390
anime,30,11,2022,371
movies,25,10,2022,433
movies,5,4,2022,370
anime,19,2,2023,376
movies,10,2,2021,578
television,5,3,2023,71
anime,18,12,2022,357
television,17,2,2021,139
television,5,2,2023,98
anime,31,10,2022,372
movies,6,10,2021,458
anime,14,4,2022,452
anime,8,12,2022,344
television,6,6,2022,144
movies,14,3,2022,430
anime,20,7,2021,571
anime,7,2,2021,678
television,2,3,2023,101
anime,29,12,2021,496
movies,26,4,2021,929
movies,14,3,2023,307
movies,3,12,2022,292
movies,10,8,2022,424
television,8,3,2022,120
movies,13,12,2022,428
television,4,8,2022,162
anime,9,9,2022,360
anime,19,1,2022,487
television,11,10,2022,108
anime,2,1,2023,456
anime,11,3,2023,349
anime,25,10,2022,436
anime,9,7,2021,606
anime,16,2,2023,368
movies,6,12,2022,349
movies,13,3,2023,562
anime,4,11,2022,341
anime,15,4,2021,726
television,21,9,2022,111
television,22,2,2023,131
movies,9,11,2022,289
television,14,9,2022,141
movies,13,8,2022,389
television,16,11,2022,89
movies,29,10,2022,377
anime,25,12,2022,378
anime,20,7,2022,420
anime,20,8,2022,446
television,25,9,2022,69
television,2,10,2022,64
anime,24,3,2021,664
anime,5,9,2021,532
television,31,1,2022,115
movies,26,8,2022,418
anime,2,10,2022,396
anime,3,3,2023,383
television,17,12,2022,73
anime,27,9,2022,365
movies,19,2,2023,357
anime,10,8,2022,383
anime,12,9,2022,336
movies,18,2,2023,362
movies,25,8,2022,339
movies,29,3,2021,849
television,24,3,2021,120
movies,31,12,2022,500
anime,7,7,2021,691
movies,10,11,2022,351
television,3,8,2022,123
movies,8,7,2022,377
television,27,9,2022,103
television,19,4,2021,130
anime,22,3,2023,359
movies,21,2,2023,355
television,13,2,2023,84
television,3,3,2023,90
anime,30,10,2022,470
movies,30,10,2022,370
anime,24,5,2022,387
anime,6,10,2021,508
movies,2,1,2023,278
movies,29,7,2022,374
movies,13,9,2022,388
anime,13,5,2021,596
television,10,10,2022,93
movies,30,11,2022,367
movies,6,8,2022,409
television,13,8,2022,86
movies,26,11,2022,343
movies,9,3,2021,606
movies,7,2,2021,556
anime,22,11,2022,365
television,20,5,2022,114
anime,17,2,2022,463
anime,23,2,2021,715
television,16,9,2022,96
anime,2,8,2022,396
movies,13,11,2022,298
anime,9,11,2022,399
television,19,1,2021,116
television,20,8,2022,104
anime,30,5,2022,289
movies,8,6,2022,374
television,20,7,2022,149
movies,5,9,2021,434
movies,20,7,2022,428
movies,2,11,2022,349
movies,12,11,2022,356
television,25,2,2023,63
television,22,9,2022,92
television,29,12,2021,93
anime,25,4,2022,500
television,5,9,2022,129
movies,23,8,2022,376
anime,5,4,2022,488
television,6,12,2022,103
anime,17,8,2021,569
movies,23,1,2021,441
television,15,2,2022,148
television,29,10,2022,73
television,13,4,2021,93
movies,25,11,2022,332
anime,8,2,2022,534
movies,17,11,2022,361
anime,15,7,2022,484
movies,31,3,2022,435
television,15,3,2023,114
anime,16,1,2023,382
television,7,3,2023,100
movies,4,11,2022,358
television,12,3,2021,106
television,2,2,2021,124
anime,14,9,2022,404
anime,16,2,2021,762
television,12,11,2022,52
movies,19,1,2022,506
television,23,2,2021,139
anime,8,3,2022,455
movies,4,8,2022,419
television,30,8,2022,144
television,9,12,2022,95
television,6,2,2023,112
television,2,11,2022,118
anime,17,12,2022,382
anime,20,5,2022,404
television,28,10,2022,91
anime,29,3,2021,670
television,11,4,2021,70
television,29,5,2022,92
movies,29,12,2021,567
anime,31,3,2022,481
television,11,1,2023,156
movies,16,7,2022,365
movies,18,11,2021,445
television,12,1,2023,128
television,23,8,2022,135
movies,9,7,2021,404
anime,25,2,2023,337
anime,6,12,2022,331
movies,14,1,2023,410
television,7,12,2022,110
movies,22,9,2022,344
anime,24,1,2022,510
television,10,11,2022,101
television,4,1,2023,130
movies,20,6,2022,475
television,31,5,2022,102
television,5,9,2021,71
television,15,7,2022,141
movies,13,2,2023,415
anime,19,3,2023,340
anime,26,8,2022,380
anime,1,7,2022,378
anime,7,9,2022,402
anime,13,8,2022,400
movies,28,9,2022,341
television,12,5,2021,163
anime,24,1,2023,365
television,22,8,2022,151
movies,24,6,2021,662
movies,1,4,2022,630
movies,10,10,2022,328
movies,2,8,2022,412
movies,15,4,2021,677
anime,31,12,2022,388
television,15,3,2022,72
anime,5,2,2023,400
television,29,3,2021,100
anime,12,3,2023,396
movies,28,3,2022,683
movies,31,3,2023,340
television,24,1,2023,118
movies,29,12,2022,495
television,4,3,2022,120
television,22,3,2023,104
movies,18,12,2022,467
anime,6,10,2022,409
anime,11,10,2022,444
movies,22,11,2022,375
television,26,11,2022,67
anime,8,7,2022,491
anime,19,1,2021,819
anime,19,5,2021,586
movies,15,2,2023,422
television,24,5,2022,110
anime,19,4,2021,715
television,8,11,2022,90
anime,28,3,2022,450
movies,4,1,2023,487
television,31,3,2022,132
movies,19,12,2022,468
anime,19,11,2022,396
anime,26,9,2022,391
television,6,8,2022,103
television,27,3,2023,83
television,13,3,2021,88
television,20,12,2022,115
movies,17,3,2021,663
anime,27,11,2022,349
movies,21,12,2021,565
television,4,6,2021,116
anime,4,8,2022,447
anime,29,8,2022,367
anime,25,11,2022,330
movies,12,9,2022,372
anime,22,10,2022,392
movies,23,4,2021,711
anime,21,12,2021,443
anime,1,10,2022,392
television,20,3,2023,88
anime,5,5,2022,460
movies,5,12,2022,315
movies,19,1,2023,433
television,5,4,2022,129
television,19,1,2022,146
movies,13,4,2021,649
television,17,2,2022,178
television,31,10,2022,182
anime,16,7,2022,460
anime,4,3,2023,423
anime,22,9,2022,335
movies,24,1,2022,486
movies,20,7,2021,420
movies,19,4,2021,716
anime,7,12,2022,403
movies,12,3,2023,410
television,29,7,2022,120
movies,22,8,2022,411
anime,22,6,2021,580
television,2,8,2022,135
television,7,7,2021,117
movies,22,6,2021,712
television,8,12,2021,102
anime,15,3,2022,426
anime,8,6,2022,465
movies,15,2,2022,400
television,20,7,2021,114
anime,17,3,2021,642
anime,5,3,2021,627
television,5,3,2021,118
movies,6,1,2023,551
movies,3,3,2023,339
television,17,3,2022,126
anime,4,6,2021,598
television,25,4,2022,92
television,22,4,2022,118
movies,14,2,2023,342
anime,18,8,2022,359
anime,28,4,2021,693
anime,20,6,2022,367
television,13,3,2023,83
anime,13,6,2022,372
movies,24,12,2022,535
movies,30,5,2022,251
anime,29,12,2022,461
television,21,12,2021,96
television,26,9,2022,109
anime,8,12,2021,450
television,28,3,2022,183
anime,10,2,2021,735
television,14,3,2022,113
television,31,12,2022,129
television,27,2,2021,120
movies,20,8,2022,333
anime,8,3,2023,370
anime,7,1,2023,436
movies,8,12,2021,437
television,25,12,2022,77
anime,22,4,2022,434
anime,3,8,2022,464
movies,27,3,2023,396
television,17,11,2022,91
television,15,1,2023,99
television,24,9,2022,127
television,9,7,2021,91
anime,26,11,2022,444
movies,6,2,2023,337
anime,27,3,2023,312
movies,1,3,2023,319
movies,30,8,2022,371
movies,20,12,2022,583
anime,13,11,2022,406
anime,13,4,2021,634
movies,23,2,2021,558
movies,16,9,2022,351
anime,19,10,2022,361
movies,26,9,2022,302
movies,21,10,2022,383
movies,27,9,2022,369
television,29,8,2022,123
television,24,1,2022,124
anime,27,2,2021,605
television,12,9,2022,123
movies,14,4,2022,462
movies,25,9,2022,272
movies,31,5,2022,334
television,14,1,2023,91
anime,28,1,2023,381
anime,15,2,2023,356
movies,22,4,2022,413
anime,6,8,2022,422
movies,29,5,2022,329
movies,27,11,2022,337
movies,31,1,2022,469
movies,9,12,2022,318
anime,2,2,2021,778
movies,10,1,2023,468
television,13,11,2022,44
movies,22,2,2023,331
movies,5,3,2023,337
movies,19,10,2022,365
television,18,1,2023,163
television,7,2,2023,112
movies,23,10,2022,350
television,25,2,2021,169
movies,21,1,2021,525
movies,16,10,2022,317
anime,1,2,2022,525
television,7,6,2022,129
anime,12,4,2022,411
anime,7,2,2023,367
movies,4,12,2022,327
movies,17,1,2021,453
television,1,2,2022,148
movies,16,8,2022,387
movies,30,4,2021,686
television,22,2,2022,113
anime,8,5,2022,445
television,24,2,2022,125
movies,18,2,2021,584
movies,8,4,2022,355
television,18,10,2022,120
television,14,12,2022,109
anime,23,10,2022,407
television,25,3,2022,98
anime,25,2,2021,732
anime,28,8,2022,419
anime,7,6,2022,322
movies,26,3,2021,869
movies,21,2,2021,581
movies,17,1,2023,370
anime,4,12,2022,376
movies,24,2,2023,341
television,30,4,2021,149
television,30,11,2021,100
movies,18,11,2022,330
television,28,2,2023,100
television,6,11,2022,70
movies,17,2,2023,383
anime,23,6,2021,568
anime,18,10,2022,418
movies,27,12,2021,538
anime,11,2,2021,687
movies,6,1,2021,460
television,30,5,2021,98
television,21,12,2022,210
movies,2,4,2022,393
television,26,4,2022,97
anime,6,1,2021,764
anime,26,1,2023,369
anime,21,11,2022,353
television,23,6,2021,123
movies,27,5,2022,359
anime,1,11,2022,372
anime,1,2,2023,368
television,17,10,2022,94
movies,17,8,2022,414
anime,30,11,2021,422
anime,26,10,2022,410
television,7,1,2023,104
television,5,10,2022,86
anime,24,2,2023,373
television,9,2,2022,129
movies,7,10,2022,364
anime,15,12,2022,358
anime,3,6,2021,703
television,29,11,2022,76
movies,18,1,2023,432
television,28,4,2022,107
movies,30,3,2023,355
movies,1,1,2021,444
movies,25,1,2023,415
anime,23,1,2023,380
anime,7,10,2022,348
movies,1,12,2021,426
movies,10,4,2021,664
movies,11,5,2022,336
movies,25,3,2023,380
television,6,1,2021,94
anime,27,8,2022,362
movies,26,10,2022,370
movies,28,2,2023,345
anime,2,4,2022,459
anime,14,6,2022,423
movies,28,8,2022,314
anime,1,12,2021,451
anime,17,10,2022,336
anime,21,1,2023,378
television,17,1,2023,141
movies,26,2,2023,346
movies,25,2,2021,495
television,1,12,2022,111
movies,21,5,2022,281
anime,21,4,2021,649
television,14,11,2022,80
television,2,9,2022,129
anime,10,1,2021,720
movies,24,3,2022,451
anime,21,1,2021,764
movies,9,1,2023,487
movies,2,9,2022,301
movies,15,11,2022,332
movies,15,12,2022,540
movies,6,11,2022,367
anime,15,3,2021,602
anime,13,10,2022,422
anime,22,2,2022,492
movies,24,2,2021,562
movies,3,11,2022,306
television,3,4,2022,91
television,21,1,2023,96
anime,23,4,2022,478
movies,14,11,2022,310
television,1,9,2022,129
television,16,10,2022,74
movies,21,3,2023,367
anime,29,11,2021,428
anime,2,5,2022,446
anime,18,2,2021,717
movies,30,11,2021,452
movies,5,10,2022,339
television,26,5,2022,149
movies,26,4,2022,433
anime,2,2,2023,385
television,5,8,2022,131
anime,3,2,2021,778
movies,3,2,2021,540
television,21,4,2021,114
anime,1,12,2022,392
television,3,6,2021,107
television,25,1,2023,124
television,8,7,2022,115
anime,5,8,2022,443
movies,7,6,2022,362
anime,14,2,2021,727
movies,24,11,2022,332
anime,10,5,2022,422
movies,2,2,2023,409
television,19,3,2022,67
anime,14,10,2022,407
movies,3,10,2022,344
television,8,4,2022,121
anime,21,2,2021,762
movies,28,11,2021,443
anime,24,3,2022,421
television,18,3,2022,108
television,27,10,2022,83
anime,3,10,2022,411
anime,17,2,2023,339
television,17,8,2022,169
anime,24,2,2021,686
movies,22,7,2022,428
anime,25,3,2022,470
television,3,10,2022,101
television,21,3,2023,90
movies,28,6,2022,386
anime,27,10,2022,348
movies,21,4,2021,668
television,5,3,2022,87
television,21,2,2021,108
television,24,8,2021,121
anime,21,12,2022,448
anime,18,3,2022,480
television,12,2,2021,140
television,25,8,2022,145
television,28,8,2022,94
anime,5,3,2022,442
television,27,8,2022,97
anime,27,5,2022,448
movies,29,11,2021,514
anime,4,5,2021,771
television,4,5,2021,128
movies,23,1,2023,362
movies,10,1,2021,490
television,11,3,2023,60
anime,18,1,2023,330
anime,15,11,2022,349
movies,21,11,2022,355
movies,17,9,2022,326
television,3,11,2022,110
anime,25,1,2023,417
movies,25,3,2022,371
anime,11,1,2022,449
television,1,6,2021,86
movies,23,2,2023,359
movies,3,2,2023,377
movies,23,5,2022,364
television,26,10,2022,87
movies,24,8,2021,534
movies,11,2,2021,599
anime,1,6,2021,593
anime,11,2,2023,402
anime,3,11,2022,349
anime,23,2,2023,311
movies,1,9,2022,358
movies,20,4,2022,369
movies,28,4,2022,350
movies,27,10,2022,335
television,31,3,2023,94
television,24,12,2022,66
movies,26,1,2023,332
movies,9,10,2022,329
television,27,12,2021,77
television,24,2,2021,158
movies,12,2,2021,499
movies,18,6,2021,694
anime,9,2,2022,534
television,1,11,2022,109
movies,5,8,2022,383
television,1,12,2021,101
television,23,2,2023,117
movies,14,6,2022,443
movies,13,10,2022,386
anime,10,4,2021,709
television,14,2,2021,97
movies,12,6,2022,395
anime,28,11,2021,445
anime,6,11,2022,425
television,10,5,2022,109
anime,1,1,2021,657
television,14,10,2022,108
movies,2,5,2022,430
television,2,5,2022,118
anime,25,3,2023,490
movies,1,1,2023,518
anime,17,6,2022,361
anime,18,9,2022,411
television,20,3,2022,88
movies,23,6,2021,686
television,8,3,2023,90
television,23,10,2022,92
movies,3,6,2021,755
television,11,1,2022,141
movies,17,10,2022,383
television,11,2,2021,194
television,10,3,2023,95
movies,1,3,2021,620
movies,9,2,2022,496
movies,24,2,2022,311
anime,22,7,2022,440
television,1,1,2023,92
anime,10,3,2023,346
anime,2,9,2022,366
television,25,3,2023,76
anime,24,2,2022,410
television,17,5,2022,118
television,26,3,2021,115
movies,3,4,2022,422
movies,2,1,2022,568
television,2,3,2022,106
movies,22,3,2022,388
television,16,3,2023,88
movies,10,2,2022,474
movies,28,5,2022,334
movies,2,5,2021,709
movies,28,3,2023,338
television,22,4,2021,118
television,20,2,2023,90
television,4,8,2021,108
movies,18,5,2022,339
anime,4,5,2022,416
anime,9,4,2021,721
television,4,1,2021,144
television,30,6,2022,137
movies,30,3,2022,523
movies,11,11,2022,336
anime,16,12,2022,384
movies,29,3,2022,365
anime,16,4,2021,668
movies,10,2,2023,375
television,13,6,2021,85
television,19,5,2022,119
television,30,12,2022,115
television,14,4,2021,127
anime,5,4,2021,759
anime,10,2,2023,364
movies,29,1,2023,372
television,9,4,2021,81
anime,29,3,2022,444
anime,15,6,2021,486
movies,30,6,2021,711
anime,8,3,2021,769
anime,11,3,2021,633
anime,30,6,2022,460
television,8,3,2021,156
television,8,1,2021,131
television,26,8,2022,122
anime,12,12,2022,390
television,12,2,2023,91
anime,30,4,2022,434
anime,30,7,2022,489
movies,26,12,2022,528
television,13,5,2022,122
television,11,11,2022,104
anime,12,2,2023,398
television,31,1,2023,136
television,5,11,2022,87
television,18,5,2022,122
television,21,8,2022,109
movies,4,8,2021,483
anime,10,12,2021,456
movies,16,3,2021,723
television,24,8,2022,145
movies,16,1,2022,539
movies,8,6,2021,736
anime,8,1,2021,722
television,23,3,2021,102
television,15,6,2021,113
anime,20,11,2022,366
anime,16,1,2022,514
television,10,2,2022,162
television,27,1,2023,134
movies,20,1,2023,428
anime,29,9,2022,369
anime,4,1,2021,760
television,16,12,2022,88
anime,31,1,2023,354
movies,29,9,2022,334
television,29,6,2021,101
anime,11,11,2022,378
movies,20,2,2023,379
movies,30,9,2022,294
television,29,3,2022,147
anime,31,8,2022,384
movies,4,1,2021,512
movies,19,4,2022,460
television,16,4,2021,137
movies,22,4,2021,708
movies,12,10,2022,389
anime,30,6,2021,578
anime,4,8,2021,582
movies,9,4,2021,665
anime,14,4,2021,687
movies,12,2,2023,338
television,24,4,2021,130
anime,8,6,2021,555
anime,28,5,2021,564
television,22,3,2022,81
anime,10,2,2022,500
movies,10,5,2021,755
movies,2,12,2022,335
anime,10,5,2021,569
anime,23,12,2022,488
television,30,7,2022,89
television,18,3,2021,126
television,20,11,2022,84
movies,30,12,2022,490
movies,16,3,2023,376
movies,27,1,2023,376
anime,22,5,2022,405
television,26,2,2023,71
television,30,3,2022,118
anime,30,3,2022,445
anime,30,12,2022,441
television,16,3,2021,116
television,23,11,2021,127
movies,18,3,2021,640
television,26,12,2022,105
television,28,3,2023,90
television,29,1,2023,93
movies,21,8,2022,367
movies,11,3,2021,640
movies,11,8,2022,374
anime,16,3,2021,669
television,7,10,2022,113
movies,15,6,2021,742
television,10,12,2021,119
anime,13,6,2021,555
anime,26,12,2022,359
television,2,3,2021,132
anime,11,8,2022,434
movies,2,3,2022,381
anime,21,8,2022,465
television,29,3,2023,117
anime,2,3,2021,692
television,23,12,2022,150
movies,23,12,2022,566
movies,10,3,2022,375
movies,8,3,2021,650
anime,29,3,2023,332
anime,20,1,2023,386
television,1,10,2022,85
television,30,9,2022,123
television,22,5,2022,81
movies,19,5,2022,376
movies,13,5,2022,360
movies,24,4,2021,680
anime,19,5,2022,363
television,3,1,2023,150
television,15,6,2022,138
anime,19,9,2022,407
anime,15,5,2021,568
movies,18,7,2022,457
movies,22,1,2023,386
anime,1,8,2022,447
movies,12,8,2022,434
anime,11,5,2021,707
movies,9,3,2023,355
television,14,5,2022,86
movies,6,9,2022,407
television,13,1,2023,106
movies,5,2,2021,643
television,21,3,2021,76
anime,12,8,2022,398
movies,26,2,2021,526
movies,4,7,2022,347
movies,23,3,2022,349
television,26,2,2021,136
television,22,11,2021,129
television,1,6,2022,67
movies,25,3,2021,931
anime,19,6,2021,606
anime,23,3,2023,327
anime,25,6,2021,555
movies,16,11,2021,435
movies,25,6,2021,666
television,6,9,2022,140
anime,8,10,2022,412
anime,1,2,2021,854
movies,19,7,2022,440
anime,12,7,2022,467
movies,22,11,2021,490
television,9,2,2023,104
movies,3,1,2023,299
television,1,9,2021,103
anime,6,6,2021,565
television,15,5,2021,78
television,6,4,2021,131
movies,14,5,2022,311
television,4,7,2022,100
movies,23,3,2023,338
television,18,6,2021,109
movies,12,7,2022,369
television,12,7,2022,115
television,8,10,2022,95
television,25,1,2021,120
movies,15,6,2022,406
anime,23,3,2022,402
movies,29,6,2022,356
television,25,6,2021,133
movies,1,9,2021,427
anime,18,7,2022,419
anime,5,2,2021,755
movies,25,1,2021,541
anime,15,5,2022,488
anime,1,9,2021,521
anime,3,1,2023,413
anime,24,6,2022,395
movies,8,10,2022,281
television,17,9,2022,81
television,23,4,2022,74
movies,1,8,2022,391
movies,24,6,2022,325
anime,24,10,2022,372
anime,4,4,2022,490
movies,2,7,2022,292
movies,9,2,2023,363
movies,1,6,2022,246
television,6,6,2021,74
anime,1,4,2021,739
television,27,6,2022,113
movies,20,3,2021,676
television,28,6,2021,96
television,13,12,2022,97
television,1,8,2022,135
anime,22,11,2021,412
television,22,1,2023,89
movies,1,4,2021,866
anime,6,9,2022,403
anime,15,9,2022,362
anime,29,6,2022,428
television,16,11,2021,140
television,11,5,2021,139
television,30,1,2023,112
movies,30,1,2023,371
anime,4,7,2022,420
anime,13,1,2023,374
anime,15,10,2021,451
anime,21,3,2021,698
television,19,6,2021,76
anime,19,7,2022,484
movies,19,9,2022,289
television,15,9,2022,110
anime,27,10,2021,487
anime,2,7,2022,415
movies,16,3,2022,345
anime,21,3,2022,441
television,2,4,2021,119
movies,3,6,2022,319
anime,23,11,2022,353
anime,27,4,2022,418
anime,8,9,2022,348
television,8,9,2022,138
anime,20,9,2022,387
movies,25,2,2022,358
anime,2,4,2021,679
television,20,4,2021,98
anime,17,3,2023,320
movies,17,3,2023,383
television,21,3,2022,79
movies,6,3,2023,356
movies,6,4,2022,390
television,3,6,2022,100
anime,20,4,2021,724
anime,16,3,2022,429
television,23,6,2022,124
movies,31,7,2022,393
television,21,6,2021,106
television,11,9,2022,99
television,23,11,2022,107
movies,2,4,2021,809
movies,8,9,2022,317
anime,18,1,2022,465
movies,21,3,2022,397
movies,18,1,2022,498
television,6,3,2023,85
anime,3,6,2022,363
movies,11,9,2022,332
anime,6,3,2023,383
television,18,1,2022,179
movies,27,4,2022,434
anime,31,7,2022,451
television,14,6,2022,137
anime,25,2,2022,373
movies,12,3,2022,345
television,18,2,2022,150
anime,21,7,2022,453
television,28,11,2022,74
movies,7,7,2022,408
movies,11,3,2022,356
anime,15,8,2022,426
television,11,12,2022,105
television,18,3,2023,80
anime,11,3,2022,470
television,19,6,2022,91
movies,6,5,2022,342
anime,19,6,2022,372
anime,28,11,2022,374
anime,16,6,2022,378
anime,11,12,2022,400
anime,12,3,2022,478
anime,30,3,2021,785
television,21,7,2022,153
anime,5,7,2022,413
television,12,3,2022,79
anime,9,2,2021,710
anime,28,7,2022,401
movies,18,6,2022,321
anime,12,6,2021,566
television,11,3,2022,108
movies,18,2,2022,435
television,7,7,2022,111
anime,6,5,2022,488
television,15,2,2023,92
television,12,6,2021,80
anime,7,7,2022,443
television,9,2,2021,105
anime,18,2,2022,454
movies,28,11,2022,350
television,30,10,2022,77
movies,8,4,2021,744
movies,21,7,2022,463
movies,18,3,2023,353
movies,21,4,2022,347
television,28,7,2022,136
television,27,4,2021,161
television,18,6,2022,111
anime,18,3,2023,343
movies,15,8,2022,410
television,29,9,2021,112
television,11,4,2022,103
television,26,11,2021,68
television,16,2,2022,189
anime,29,9,2021,485
movies,24,4,2022,394
movies,27,3,2022,422
movies,16,2,2022,459
anime,26,11,2021,427
anime,15,9,2021,527
anime,24,4,2022,491
television,24,4,2022,73
television,15,4,2021,107
television,22,1,2022,102
anime,16,2,2022,515
anime,30,12,2021,532
anime,26,9,2021,531
anime,22,1,2022,467
movies,15,9,2021,419
movies,26,11,2021,403
anime,31,5,2021,591
television,3,4,2021,82
television,26,3,2022,71
television,6,5,2021,109
movies,31,8,2021,436
anime,3,4,2021,703
movies,10,12,2022,337
movies,31,1,2021,590
television,10,6,2022,144
television,9,6,2022,143
movies,29,4,2022,347
anime,10,12,2022,371
movies,31,5,2021,834
anime,6,5,2021,660
anime,11,6,2021,688
anime,10,6,2022,388
television,28,2,2022,135
television,9,6,2021,120
anime,4,4,2021,811
movies,21,6,2022,384
anime,28,2,2022,447
movies,11,6,2021,691
television,14,2,2022,131
movies,10,6,2022,351
movies,31,7,2021,469
television,4,4,2021,69
anime,31,8,2021,559
anime,31,7,2021,577
anime,14,2,2022,523
movies,9,6,2021,678
movies,3,4,2021,789
television,31,7,2021,72
anime,26,3,2022,483
movies,6,5,2021,652
anime,31,1,2021,829
anime,21,6,2022,448
movies,9,6,2022,387
television,31,1,2021,92
movies,28,2,2022,341
television,7,4,2021,127
anime,7,4,2021,668
television,20,1,2022,126
anime,20,1,2022,493
movies,20,1,2022,454
movies,31,12,2021,539
movies,27,7,2022,426
anime,16,6,2021,556
movies,25,1,2022,472
anime,19,3,2021,667
television,9,7,2022,81
movies,26,7,2022,461
movies,15,4,2022,426
anime,12,5,2022,435
anime,26,7,2021,563
movies,4,12,2021,435
television,7,4,2022,123
movies,18,5,2021,709
anime,26,1,2022,481
anime,25,5,2022,401
television,29,4,2021,144
anime,25,1,2022,503
movies,11,6,2022,312
television,11,6,2022,86
movies,15,12,2021,509
movies,26,1,2021,585
anime,14,1,2021,761
movies,13,2,2022,496
television,23,2,2022,115
television,19,3,2021,108
television,17,4,2021,86
anime,4,12,2021,494
television,7,2,2022,149
movies,17,4,2021,688
anime,18,5,2021,563
movies,15,1,2021,490
television,27,7,2022,144
anime,15,1,2021,764
television,21,5,2022,73
anime,13,2,2022,570
movies,17,4,2022,421
movies,3,11,2021,447
movies,14,7,2022,405
television,13,2,2022,96
anime,15,12,2021,418
movies,7,4,2022,366
movies,10,3,2021,582
anime,24,7,2022,460
anime,20,2,2022,495
television,5,2,2022,86
movies,26,1,2022,499
television,3,12,2021,84
television,26,1,2021,105
movies,25,6,2022,337
movies,25,5,2022,355
television,22,1,2021,121
anime,15,4,2022,485
anime,25,6,2022,405
movies,20,5,2021,735
television,17,11,2021,89
anime,26,5,2021,583
anime,11,6,2022,395
anime,28,9,2021,463
anime,23,2,2022,459
television,26,5,2021,181
movies,19,2,2022,388
anime,26,7,2022,506
television,3,11,2021,126
anime,29,4,2021,654
television,25,1,2022,145
movies,7,2,2022,487
movies,12,5,2022,378
movies,29,4,2021,758
television,25,6,2022,76
movies,26,5,2021,756
television,14,1,2021,125
television,2,4,2022,94
movies,17,11,2021,579
anime,20,5,2021,640
anime,17,4,2021,619
anime,7,2,2022,552
movies,24,7,2022,500
movies,19,3,2021,702
anime,27,7,2022,447
television,30,1,2022,96
movies,26,6,2022,338
anime,26,6,2022,473
anime,20,2,2021,682
anime,8,9,2021,472
anime,16,1,2021,710
anime,12,1,2021,759
anime,15,2,2021,688
anime,13,1,2021,785
television,13,1,2021,132
anime,30,1,2021,659
television,1,5,2022,90
anime,9,4,2022,501
movies,2,6,2021,705
television,9,4,2022,84
television,17,12,2021,93
movies,1,5,2022,342
television,5,8,2021,119
movies,12,1,2022,536
movies,30,7,2021,495
television,26,6,2022,79
anime,14,3,2021,636
television,12,1,2022,133
movies,5,8,2021,449
anime,7,3,2021,705
anime,5,6,2022,425
anime,19,2,2021,664
movies,15,2,2021,582
television,30,7,2021,93
television,20,2,2021,99
movies,11,8,2021,482
movies,17,12,2021,476
television,2,6,2021,123
movies,9,4,2022,408
movies,27,5,2021,726
movies,16,1,2021,477
movies,13,1,2021,518
movies,7,3,2022,419
anime,17,12,2021,413
television,30,1,2021,87
movies,8,9,2021,498
movies,14,3,2021,670
television,21,1,2021,103
anime,2,6,2021,666
television,11,8,2021,115
television,3,8,2021,118
movies,7,8,2022,446
television,6,12,2021,111
movies,29,7,2021,472
television,14,12,2021,85
movies,14,12,2021,471
television,3,1,2021,100
anime,29,5,2021,569
movies,3,5,2022,306
movies,29,5,2021,824
television,9,5,2021,88
television,22,3,2021,118
anime,9,1,2021,702
anime,10,6,2021,626
movies,23,5,2021,647
television,18,1,2021,96
television,28,3,2021,79
television,19,2,2022,94
anime,17,7,2021,540
television,27,6,2021,71
television,7,8,2022,102
television,3,3,2022,176
anime,5,11,2021,510
anime,18,1,2021,749
television,16,1,2021,103
television,31,7,2022,101
anime,14,12,2021,417
anime,2,6,2022,405
television,9,3,2022,110
television,9,1,2021,118
movies,22,3,2021,767
anime,3,1,2021,690
movies,5,11,2021,481
anime,7,11,2022,373
movies,28,3,2021,802
television,17,7,2021,93
movies,9,1,2021,450
movies,2,6,2022,369
movies,18,1,2021,445
movies,6,8,2021,447
anime,7,8,2022,432
anime,22,3,2021,662
anime,4,1,2022,546
movies,17,7,2021,424
television,4,1,2022,107
anime,9,5,2021,699
television,23,5,2021,88
movies,9,5,2021,685
television,29,5,2021,103
movies,4,1,2022,545
anime,23,5,2021,618
anime,3,3,2022,449
movies,19,11,2021,455
movies,26,6,2021,564
movies,6,2,2022,471
movies,10,7,2022,360
television,26,6,2021,72
movies,7,6,2021,741
movies,25,4,2021,815
anime,6,2,2022,522
anime,19,11,2021,453
television,4,3,2021,132
movies,4,3,2021,623
anime,5,1,2021,718
movies,11,2,2022,445
television,12,4,2021,113
anime,25,4,2021,655
movies,6,9,2021,450
television,5,6,2021,73
television,7,6,2021,119
television,11,2,2022,152
anime,11,2,2022,462
anime,26,6,2021,548
television,6,9,2021,107
television,25,4,2021,98
anime,5,5,2021,623
television,8,8,2022,131
television,14,5,2021,128
television,20,10,2021,110
television,4,9,2022,113
anime,8,8,2022,440
movies,21,2,2022,419
television,5,5,2021,99
television,7,5,2021,119
television,21,2,2022,104
anime,16,5,2022,414
television,7,3,2021,79
anime,7,5,2021,685
movies,8,8,2022,493
anime,4,9,2022,416
anime,14,5,2021,588
television,16,5,2022,109
movies,12,11,2021,515
anime,7,9,2021,542
movies,7,9,2021,492
television,10,1,2022,209
television,7,9,2021,102
movies,18,4,2021,681
movies,27,3,2021,759
television,3,5,2021,142
movies,3,5,2021,695
movies,10,1,2022,540
anime,12,11,2021,476
television,18,4,2021,74
movies,16,12,2021,481
anime,16,7,2021,644
anime,16,12,2021,462
television,16,7,2021,115
television,2,2,2022,141
television,16,12,2021,107
anime,17,7,2022,503
television,6,3,2022,79
movies,22,6,2022,385
anime,27,1,2021,715
television,17,7,2022,78
television,22,6,2022,137
anime,22,6,2022,413
anime,22,5,2021,617
movies,22,5,2021,687
anime,21,10,2021,504
movies,17,1,2022,508
anime,17,1,2022,536
television,17,1,2022,84
movies,6,3,2021,568
television,25,11,2021,77
anime,6,3,2021,688
anime,25,11,2021,433
anime,2,8,2021,543
movies,25,10,2021,514
movies,10,11,2021,469
movies,19,10,2021,493
anime,2,11,2021,407
anime,12,2,2022,479
movies,21,8,2021,428
movies,1,1,2022,533
anime,18,8,2021,603
anime,6,11,2021,407
movies,23,1,2022,446
television,24,12,2021,151
television,14,10,2021,118
anime,13,12,2021,489
anime,2,7,2021,594
movies,18,7,2021,448
movies,12,12,2021,477
anime,7,1,2022,545
television,18,9,2021,73
anime,16,10,2021,469
television,25,8,2021,106
movies,21,5,2021,759
television,17,5,2021,131
television,2,7,2021,93
television,15,11,2021,115
anime,19,7,2021,579
anime,25,8,2021,575
movies,12,7,2021,418
television,10,8,2021,119
television,8,10,2021,106
anime,27,9,2021,472
anime,10,11,2021,421
movies,4,7,2021,410
television,21,1,2022,176
movies,22,7,2021,433
television,12,8,2021,98
movies,8,8,2021,520
anime,27,2,2022,467
anime,14,7,2021,521
anime,17,5,2021,617
movies,4,10,2021,442
television,14,8,2021,67
anime,22,8,2021,562
television,7,1,2022,116
television,1,8,2021,81
anime,8,8,2021,679
movies,14,9,2021,464
television,4,10,2021,99
television,2,1,2021,97
movies,1,8,2021,459
television,13,12,2021,101
movies,10,7,2021,419
anime,12,12,2021,470
television,8,11,2021,106
movies,11,9,2021,430
television,13,8,2021,112
movies,21,11,2021,444
television,29,7,2021,107
anime,31,10,2021,527
movies,9,1,2022,527
television,24,7,2021,98
movies,16,8,2021,467
anime,22,7,2021,582
movies,18,9,2021,400
movies,2,7,2021,521
television,19,12,2021,102
television,19,7,2021,116
movies,4,2,2022,426
anime,4,9,2021,515
movies,29,10,2021,524
anime,18,9,2021,485
television,2,12,2021,85
television,25,7,2021,87
television,18,12,2021,91
television,9,1,2022,110
television,16,10,2021,109
anime,12,8,2021,565
anime,15,1,2022,480
television,4,9,2021,75
movies,11,12,2021,485
television,4,6,2022,103
television,26,8,2021,73
television,31,5,2021,87
movies,7,12,2021,505
anime,9,8,2021,578
anime,4,2,2022,421
anime,21,7,2021,540
anime,17,10,2021,515
anime,4,6,2022,379
anime,15,11,2021,400
movies,12,9,2021,424
anime,4,7,2021,636
movies,24,7,2021,442
television,26,2,2022,96
movies,22,8,2021,470
television,13,9,2021,130
anime,1,11,2021,465
anime,23,8,2021,618
television,4,7,2021,84
anime,6,2,2021,710
television,25,10,2021,95
television,2,10,2021,89
television,11,9,2021,121
television,4,2,2022,143
anime,21,8,2021,527
anime,11,9,2021,515
movies,12,8,2021,432
anime,26,8,2021,556
anime,13,8,2021,491
television,30,8,2021,97
television,2,11,2021,105
movies,13,2,2021,486
anime,14,1,2022,471
movies,8,11,2021,488
television,11,11,2021,112
television,9,10,2021,81
movies,13,9,2021,461
movies,14,1,2022,501
movies,16,5,2021,671
anime,29,10,2021,446
television,21,7,2021,128
anime,7,11,2021,467
movies,14,8,2021,461
anime,8,10,2021,537
television,6,11,2021,70
television,21,5,2021,131
movies,17,5,2021,677
movies,15,1,2022,475
movies,21,1,2022,467
anime,2,12,2021,482
television,1,1,2022,111
movies,1,10,2021,458
movies,30,8,2021,460
television,11,12,2021,86
movies,2,1,2021,471
television,13,1,2022,161
television,29,10,2021,98
anime,14,8,2021,556
television,21,11,2021,85
movies,11,7,2021,405
movies,9,10,2021,385
anime,2,10,2021,547
television,13,2,2021,119
movies,5,7,2021,411
movies,15,11,2021,510
television,9,8,2021,110
movies,19,7,2021,419
movies,27,9,2021,401
movies,2,10,2021,507
anime,1,1,2022,470
movies,7,1,2022,599
anime,30,8,2021,589
television,26,12,2021,66
anime,13,2,2021,717
television,1,11,2021,122
movies,7,11,2021,494
movies,2,11,2021,483
television,22,8,2021,72
anime,18,7,2021,596
television,10,7,2021,96
anime,1,10,2021,520
television,10,11,2021,141
television,15,1,2022,78
movies,14,10,2021,430
anime,24,12,2021,435
television,11,7,2021,67
anime,19,10,2021,510
movies,13,1,2022,462
television,14,9,2021,153
movies,10,8,2021,529
anime,24,7,2021,501
movies,15,8,2021,431
television,17,10,2021,90
movies,4,6,2022,346
anime,12,7,2021,645
television,18,10,2021,92
movies,18,8,2021,396
movies,7,5,2022,350
anime,13,7,2021,586
anime,8,7,2021,592
television,3,9,2021,110
movies,5,10,2021,459
anime,7,10,2021,440
television,8,7,2021,129
anime,3,7,2021,583
television,29,1,2022,106
movies,10,10,2021,445
anime,7,5,2022,460
television,10,4,2022,82
anime,20,9,2021,486
movies,22,9,2021,460
movies,5,12,2021,472
television,2,9,2021,124
anime,27,8,2021,554
anime,22,12,2021,445
television,30,9,2021,105
movies,20,9,2021,399
television,29,8,2021,88
anime,29,8,2021,586
movies,2,9,2021,385
anime,5,12,2021,470
television,9,11,2021,113
movies,7,1,2021,417
television,3,7,2021,67
television,3,10,2021,78
anime,12,10,2021,475
anime,6,1,2022,439
anime,30,9,2021,473
movies,27,8,2021,432
movies,28,10,2021,567
television,27,8,2021,104
television,10,9,2021,89
television,22,9,2021,112
movies,30,9,2021,521
movies,8,7,2021,421
anime,3,9,2021,520
movies,29,1,2022,403
anime,5,10,2021,531
anime,3,10,2021,536
anime,10,4,2022,445
anime,14,11,2021,452
television,13,10,2021,128
television,28,1,2021,149
movies,8,1,2022,521
television,29,1,2021,117
anime,9,12,2021,421
anime,23,7,2022,418
movies,6,1,2022,512
movies,22,12,2021,538
television,7,1,2021,94
movies,7,10,2021,447
movies,9,12,2021,486
movies,10,9,2021,445
television,14,11,2021,63
television,16,4,2022,93
anime,9,11,2021,535
television,12,10,2021,113
television,23,7,2022,114
television,9,12,2021,126
television,24,9,2021,136
anime,7,1,2021,777
movies,14,11,2021,459
movies,29,8,2021,412
anime,28,1,2021,693
movies,13,7,2021,436
television,12,11,2021,146
movies,28,1,2021,571
movies,15,7,2021,413
movies,13,10,2021,459
movies,21,9,2021,456
television,7,5,2022,77
television,20,9,2021,155
anime,10,10,2021,518
anime,29,1,2021,744
anime,29,1,2022,483
television,6,7,2021,110
television,10,10,2021,88
television,22,12,2021,92
anime,27,11,2021,385
television,5,12,2021,83
anime,25,9,2021,533
anime,23,10,2021,425
television,24,10,2021,69
anime,26,10,2021,470
movies,24,1,2021,550
movies,30,10,2021,473
television,20,12,2021,96
anime,20,6,2021,532
anime,13,3,2022,508
anime,30,10,2021,538
anime,24,10,2021,538
movies,14,6,2021,745
television,20,6,2021,64
movies,26,10,2021,560
movies,28,7,2021,457
television,24,1,2021,84
anime,3,1,2022,451
movies,13,3,2022,384
television,14,6,2021,139
movies,20,8,2021,460
movies,11,10,2021,424
television,19,8,2021,133
television,20,11,2021,96
anime,19,9,2021,562
television,3,1,2022,116
anime,14,6,2021,493
anime,20,8,2021,592
anime,4,11,2021,433
anime,20,12,2021,468
movies,24,10,2021,472
movies,23,10,2021,496
television,11,10,2021,111
television,26,10,2021,98
movies,25,9,2021,428
television,13,11,2021,85
anime,7,8,2021,580
television,28,7,2021,121
movies,20,6,2021,637
television,27,1,2022,152
movies,24,11,2021,429
television,24,11,2021,109
television,23,7,2021,94
movies,9,9,2021,561
television,28,1,2022,119
anime,9,9,2021,444
movies,23,7,2021,479
anime,3,7,2022,513
television,28,12,2021,76
anime,24,11,2021,432
television,9,9,2021,86
movies,3,7,2022,333
movies,28,12,2021,514
anime,28,1,2022,502
anime,23,7,2021,587
television,28,8,2021,82
anime,27,7,2021,519
movies,23,12,2021,488
television,27,7,2021,92
movies,27,7,2021,462
anime,28,8,2021,542
television,20,8,2021,107
television,3,7,2022,92
anime,16,9,2021,477
television,27,2,2022,93
television,28,9,2021,123
television,23,9,2021,132
movies,23,9,2021,485
movies,17,9,2021,447
anime,17,9,2021,498
television,22,10,2021,94
anime,3,2,2022,484
anime,4,2,2021,758
movies,4,2,2021,508
movies,3,2,2022,439
television,1,7,2021,99
